2.376,2.377,0,0,0,0,0,0,0
2.378,2.369,0,0,0,0,0,0,0
2.376,2.368,0,0,0,0,0,0,0
2.372,2.375,0,0,0,0,0,0,0
2.368,2.378,0,0,0,0,0,0,0
2.37,2.375,0,0,0,0,0,0,0
2.369,2.376,0,0,0,0,0,0,0
2.375,2.38,0,0,0,0,0,0,0
2.379,2.383,0,0,0,0,0,0,0
2.383,2.391,0,0,0,0,0,0,0
2.377,2.395,0,0,0,0,0,0,0
2.382,2.392,0,0,0,0,0,0,0
2.376,2.393,0,0,0,0,0,0,0
2.378,2.393,0,0,0,0,0,0,0
2.378,2.392,0,0,0,0,0,0,0
2.384,2.39,0,0,0,0,0,0,0
2.378,2.391,0,0,0,0,0,0,0
2.381,2.392,0,0,0,0,0,0,0
2.38,2.394,0,0,0,0,0,0,0
2.378,2.393,0,0,0,0,0,0,0
2.365,2.39,0,0,0,0,0,0,0
2.372,2.386,0,0,0,0,0,0,0
2.367,2.384,0,0,0,0,0,0,0
2.367,2.373,0,0,0,0,0,0,0
2.376,2.372,0,0,0,0,0,0,0
2.377,2.363,0,0,0,0,0,0,0
2.38,2.371,0,0,0,0,0,0,0
2.383,2.367,0,0,0,0,0,0,0
2.384,2.37,0,0,0,0,0,0,0
2.389,2.373,0,0,0,0,0,0,0
2.388,2.378,0,0,0,0,0,0,0
2.391,2.376,0,0,0,0,0,0,0
2.386,2.373,0,0,0,0,0,0,0
2.389,2.37,0,0,0,0,0,0,0
2.394,2.368,0,0,0,0,0,0,0
2.386,2.367,0,0,0,0,0,0,0
2.383,2.377,0,0,0,0,0,0,0
2.387,2.368,0,0,0,0,0,0,0
2.393,2.361,0,0,0,0,0,0,0
2.383,2.358,0,0,0,0,0,0,0
2.376,2.371,0,0,0,0,0,0,0
2.383,2.372,0,0,0,0,0,0,0
2.386,2.36,0,0,0,0,0,0,0
2.382,2.368,0,0,0,0,0,0,0
2.384,2.366,0,0,0,0,0,0,0
2.385,2.368,0,0,0,0,0,0,0
2.384,2.361,0,0,0,0,0,0,0
2.379,2.361,0,0,0,0,0,0,0
2.38,2.364,0,0,0,0,0,0,0
2.384,2.37,0,0,0,0,0,0,0
2.383,2.37,0,0,0,0,0,0,0
2.383,2.371,0,0,0,0,0,0,0
2.383,2.358,0,0,0,0,0,0,0
2.39,2.359,0,0,0,0,0,0,0
2.399,2.365,0,0,0,0,0,0,0
2.393,2.37,0,0,0,0,0,0,0
2.39,2.369,0,0,0,0,0,0,0
2.393,2.364,0,0,0,0,0,0,0
2.395,2.371,0,0,0,0,0,0,0
2.396,2.378,0,0,0,0,0,0,0
2.391,2.375,0,0,0,0,0,0,0
2.391,2.377,0,0,0,0,0,0,0
2.399,2.375,0,0,0,0,0,0,0
2.396,2.372,0,0,0,0,0,0,0
2.393,2.375,0,0,0,0,0,0,0
2.394,2.373,0,0,0,0,0,0,0
2.399,2.374,0,0,0,0,0,0,0
2.399,2.372,0,0,0,0,0,0,0
2.402,2.371,0,0,0,0,0,0,0
2.403,2.364,0,0,0,0,0,0,0
2.411,2.361,0,0,0,0,0,0,0
2.414,2.367,0,0,0,0,0,0,0
2.417,2.376,0,0,0,0,0,0,0
2.414,2.38,0,0,0,0,0,0,0
2.429,2.381,0,0,0,0,0,0,0
2.429,2.376,0,0,0,0,0,0,0
2.433,2.373,0,0,0,0,0,0,0
2.435,2.362,0,0,0,0,0,0,0
2.437,2.356,0,0,0,0,0,0,0
2.433,2.37,0,0,0,0,0,0,0
2.429,2.372,0,0,0,0,0,0,0
2.428,2.374,0,0,0,0,0,0,0
2.426,2.369,0,0,0,0,0,0,0
2.423,2.371,0,0,0,0,0,0,0
2.422,2.362,0,0,0,0,0,0,0
2.421,2.356,0,0,0,0,0,0,0
2.421,2.36,0,0,0,0,0,0,0
2.432,2.373,0,0,0,0,0,0,0
2.43,2.372,0,0,0,0,0,0,0
2.43,2.37,0,0,0,0,0,0,0
2.431,2.366,0,0,0,0,0,0,0
2.427,2.367,0,0,0,0,0,0,0
2.423,2.357,0,0,0,0,0,0,0
2.42,2.358,0,0,0,0,0,0,0
2.424,2.359,0,0,0,0,0,0,0
2.425,2.366,0,0,0,0,0,0,0
2.43,2.366,0,0,0,0,0,0,0
2.429,2.365,0,0,0,0,0,0,0
2.428,2.371,0,0,0,0,0,0,0
2.426,2.366,0,0,0,0,0,0,0
2.431,2.367,0,0,0,0,0,0,0
2.428,2.364,0,0,0,0,0,0,0
2.431,2.371,0,0,0,0,0,0,0
2.431,2.364,0,0,0,0,0,0,0
2.419,2.366,0,0,0,0,0,0,0
2.422,2.364,0,0,0,0,0,0,0
2.41,2.368,0,0,0,0,0,0,0
2.404,2.352,0,0,0,0,0,0,0
2.408,2.353,0,0,0,0,0,0,0
2.409,2.356,0,0,0,0,0,0,0
2.412,2.357,0,0,0,0,0,0,0
2.419,2.359,0,0,0,0,0,0,0
2.415,2.366,0,0,0,0,0,0,0
2.429,2.367,0,0,0,0,0,0,0
2.651,2.418,0,0,0,0,0,0,0
2.996,2.481,0,0,0,0,0,0,0
3.042,2.498,0,0,0,0,0,0,0
3.477,2.502,0,0,0,0,0,0,0
3.664,2.523,0,0,0,0,0,0,0
3.617,2.42,0,0,0,0,0,0,0
3.481,2.297,0,0,0,0,0,0,0
3.233,2.062,0,0,0,0,0,0,0
3.772,2.014,0,0,0,0,0,0,0
4.481,1.97,0,0,0,0,0,0,0
5.543,1.961,0,0,0,0,0,0,0
7.028,2.057,0,0,0,0,0,0,0
8.679,2.367,0,0,0,0,0,0,0
9.611,2.353,0,0,0,0,0,0,0
9.521,1.929,0,0,0,0,0,0,0
8.569,1.608,0,0,0,0,0,0,0
7.838,1.518,0,0,0,0,0,0,0
6.795,1.502,0,0,0,0,0,0,0
5.793,1.392,0,0,0,0,0,0,0
5.446,1.332,0,0,0,0,0,0,0
4.999,1.583,0,0,0,0,0,0,0
5.65,1.541,0,0,0,0,0,0,0
6.298,1.23,0,0,0,0,0,0,0
6.372,1.023,0,0,0,0,0,0,0
5.84,0.967,0,0,0,0,0,0,0
5.08,0.923,0,0,0,0,0,0,0
4.797,0.872,0,0,0,0,0,0,0
4.216,0.849,0,0,0,0,0,0,0
3.632,0.996,0,0,0,0,0,0,0
3.106,0.994,0,0,0,0,0,0,0
1.976,1.051,0,0,0,0,0,0,0
0.826,1.324,0,0,0,0,0,0,0
0.072,1.715,0,0,0,0,0,0,0
-0.615,1.725,0,0,0,0,0,0,0
-0.627,1.333,0,0,0,0,0,0,0
-0.035,1.17,0,0,0,0,0,0,0
0.422,0.783,0,0,0,0,0,0,0
1.218,-0.241,0,0,0,0,0,0,0
1.469,-1.474,0,0,0,0,0,0,0
1.27,-2.513,0,0,0,0,0,0,0
0.899,-3.138,0,0,0,0,0,0,0
0.483,-3.284,0,0,0,0,0,0,0
0.276,-3.329,0,0,0,0,0,0,0
-0.116,-3.234,0,0,0,0,0,0,0
-0.058,-3.243,0,0,0,0,0,0,0
0.614,-3.363,0,0,0,0,0,0,0
1.247,-2.944,0,0,0,0,0,0,0
2.28,-2.307,0,0,0,0,0,0,0
3.528,-1.787,0,0,0,0,0,0,0
4.467,-1.25,0,0,0,0,0,0,0
4.997,-0.721,0,0,0,0,0,0,0
5.456,-0.441,0,0,0,0,0,0,0
5.496,-0.924,0,0,0,0,0,0,0
5.279,-1.731,0,0,0,0,0,0,0
5.407,-2.543,0,0,0,0,0,0,0
5.519,-3.514,0,0,0,0,0,0,0
4.909,-4.233,0,0,0,0,0,0,0
4.299,-4.427,0,0,0,0,0,0,0
4.123,-4.282,0,0,0,0,0,0,0
4.128,-4.005,0,0,0,0,0,0,0
4.018,-3.81,0,0,0,0,0,0,0
3.837,-3.946,0,0,0,0,0,0,0
2.893,-4.404,0,0,0,0,0,0,0
2.04,-4.592,0,0,0,0,0,0,0
1.575,-4.393,0,0,0,0,0,0,0
1.248,-4.22,0,0,0,0,0,0,0
0.271,-4.085,0,0,0,0,0,0,0
-0.851,-3.93,0,0,0,0,0,0,0
-1.609,-3.567,0,0,0,0,0,0,0
-1.472,-3.383,0,0,0,0,0,0,0
-1.997,-3.701,0,0,0,0,0,0,0
-2.628,-3.61,0,0,0,0,0,0,0
-2.712,-3.246,0,0,0,0,0,0,0
-2.913,-3.232,0,0,0,0,0,0,0
-3.104,-3.333,0,0,0,0,0,0,0
-3.42,-3.342,0,0,0,0,0,0,0
-3.652,-3.351,0,0,0,0,0,0,0
-3.981,-3.359,0,0,0,0,0,0,0
-4.06,-3.268,0,0,0,0,0,0,0
-4.007,-3.172,0,0,0,0,0,0,0
-4.218,-3.143,0,0,0,0,0,0,0
-4.377,-2.967,0,0,0,0,0,0,0
-4.534,-2.695,0,0,0,0,0,0,0
-4.454,-2.359,0,0,0,0,0,0,0
-4.527,-2.136,0,0,0,0,0,0,0
-4.899,-1.914,0,0,0,0,0,0,0
-4.945,-1.663,0,0,0,0,0,0,0
-5.232,-1.538,0,0,0,0,0,0,0
-5.233,-1.429,0,0,0,0,0,0,0
-5.177,-1.348,0,0,0,0,0,0,0
-5.168,-1.285,0,0,0,0,0,0,0
-5.362,-1.397,0,0,0,0,0,0,0
-5.516,-1.499,0,0,0,0,0,0,0
-5.607,-1.532,0,0,0,0,0,0,0
-5.664,-1.501,0,0,0,0,0,0,0
-5.796,-1.525,0,0,0,0,0,0,0
-5.96,-1.581,0,0,0,0,0,0,0
-6.035,-1.544,0,0,0,0,0,0,0
-6.4,-1.73,0,0,0,0,0,0,0
-6.804,-1.873,0,0,0,0,0,0,0
-7.095,-1.972,0,0,0,0,0,0,0
-7.278,-2.076,0,0,0,0,0,0,0
-7.473,-2.117,0,0,0,0,0,0,0
-7.679,-2.134,0,0,0,0,0,0,0
-7.857,-2.281,0,0,0,0,0,0,0
-8.086,-2.42,0,0,0,0,0,0,0
-8.303,-2.565,0,0,0,0,0,0,0
-8.541,-2.674,0,0,0,0,0,0,0
-8.65,-2.699,0,0,0,0,0,0,0
-8.799,-2.617,0,0,0,0,0,0,0
-9.025,-2.489,0,0,0,0,0,0,0
-9.349,-2.493,0,0,0,0,0,0,0
-9.673,-2.621,0,0,0,0,0,0,0
-10.04,-2.762,0,0,0,0,0,0,0
-10.127,-2.694,0,0,0,0,0,0,0
-9.994,-2.629,0,0,0,0,0,0,0
-10.053,-2.658,0,0,0,0,0,0,0
-10.206,-2.767,0,0,0,0,0,0,0
-10.314,-2.968,0,0,0,0,0,0,0
-10.479,-3.116,0,0,0,0,0,0,0
-10.656,-3.131,0,0,0,0,0,0,0
-10.739,-3.141,0,0,0,0,0,0,0
-10.882,-3.174,0,0,0,0,0,0,0
-11.103,-3.202,0,0,0,0,0,0,0
-11.389,-3.203,0,0,0,0,0,0,0
-11.557,-3.209,0,0,0,0,0,0,0
-11.754,-3.303,0,0,0,0,0,0,0
-12.045,-3.359,0,0,0,0,0,0,0
-12.324,-3.278,0,0,0,0,0,0,0
-12.433,-3.246,0,0,0,0,0,0,0
-12.701,-3.316,0,0,0,0,0,0,0
-12.964,-3.404,0,0,0,0,0,0,0
-13.043,-3.454,0,0,0,0,0,0,0
-13.038,-3.426,0,0,0,0,0,0,0
-13.13,-3.457,0,0,0,0,0,0,0
-13.331,-3.545,0,0,0,0,0,0,0
-13.572,-3.651,0,0,0,0,0,0,0
-13.811,-3.765,0,0,0,0,0,0,0
-14.034,-3.843,0,0,0,0,0,0,0
-14.213,-3.933,0,0,0,0,0,0,0
-14.224,-3.937,0,0,0,0,0,0,0
-14.292,-3.899,0,0,0,0,0,0,0
-14.415,-3.886,0,0,0,0,0,0,0
-14.478,-3.948,0,0,0,0,0,0,0
-14.62,-4.059,0,0,0,0,0,0,0
-14.804,-4.096,0,0,0,0,0,0,0
-14.982,-4.038,0,0,0,0,0,0,0
-15.02,-3.962,0,0,0,0,0,0,0
-15.15,-3.929,0,0,0,0,0,0,0
-15.309,-3.919,0,0,0,0,0,0,0
-15.407,-4.019,0,0,0,0,0,0,0
-15.648,-4.127,0,0,0,0,0,0,0
-15.756,-4.145,0,0,0,0,0,0,0
-15.833,-4.153,0,0,0,0,0,0,0
-15.904,-4.112,0,0,0,0,0,0,0
-15.949,-4.088,0,0,0,0,0,0,0
-16.07,-4.07,0,0,0,0,0,0,0
-16.232,-4.003,0,0,0,0,0,0,0
-16.449,-4.002,0,0,0,0,0,0,0
-16.669,-3.964,0,0,0,0,0,0,0
-16.915,-3.954,0,0,0,0,0,0,0
-17.086,-3.958,0,0,0,0,0,0,0
-17.228,-3.958,0,0,0,0,0,0,0
-17.36,-3.948,0,0,0,0,0,0,0
-17.447,-3.985,0,0,0,0,0,0,0
-17.608,-3.952,0,0,0,0,0,0,0
-17.659,-3.934,0,0,0,0,0,0,0
-17.673,-3.939,0,0,0,0,0,0,0
-17.732,-3.956,0,0,0,0,0,0,0
-17.847,-3.913,0,0,0,0,0,0,0
-17.917,-3.905,0,0,0,0,0,0,0
-17.941,-3.927,0,0,0,0,0,0,0
-18.07,-4.007,0,0,0,0,0,0,0
-18.111,-4.075,0,0,0,0,0,0,0
-18.172,-4.093,0,0,0,0,0,0,0
-18.15,-4.101,0,0,0,0,0,0,0
-18.078,-4.127,0,0,0,0,0,0,0
-18.061,-4.177,0,0,0,0,0,0,0
-18.089,-4.255,0,0,0,0,0,0,0
-18.083,-4.326,0,0,0,0,0,0,0
-18.148,-4.441,0,0,0,0,0,0,0
-18.208,-4.617,0,0,0,0,0,0,0
-18.248,-4.643,0,0,0,0,0,0,0
-18.224,-4.685,0,0,0,0,0,0,0
-18.139,-4.73,0,0,0,0,0,0,0
-17.993,-4.759,0,0,0,0,0,0,0
-17.834,-4.817,0,0,0,0,0,0,0
-17.879,-4.894,0,0,0,0,0,0,0
-17.86,-4.894,0,0,0,0,0,0,0
-17.644,-4.893,0,0,0,0,0,0,0
-17.469,-4.865,0,0,0,0,0,0,0
-17.416,-4.868,0,0,0,0,0,0,0
-17.307,-4.917,0,0,0,0,0,0,0
-17.096,-4.992,0,0,0,0,0,0,0
-17.042,-5.005,0,0,0,0,0,0,0
-16.917,-5.033,0,0,0,0,0,0,0
-16.684,-5.111,0,0,0,0,0,0,0
-16.328,-5.146,0,0,0,0,0,0,0
-16.225,-5.196,0,0,0,0,0,0,0
-16.286,-5.31,0,0,0,0,0,0,0
-16.64,-5.408,0,0,0,0,0,0,0
-16.68,-5.385,0,0,0,0,0,0,0
-16.672,-5.394,0,0,0,0,0,0,0
-16.402,-5.402,0,0,0,0,0,0,0
-16.061,-5.364,0,0,0,0,0,0,0
-15.572,-5.277,0,0,0,0,0,0,0
-15.212,-5.227,0,0,0,0,0,0,0
-14.807,-5.253,0,0,0,0,0,0,0
-14.444,-5.224,0,0,0,0,0,0,0
-14.293,-5.274,0,0,0,0,0,0,0
-14.109,-5.28,0,0,0,0,0,0,0
-13.871,-5.286,0,0,0,0,0,0,0
-13.717,-5.371,0,0,0,0,0,0,0
-13.544,-5.418,0,0,0,0,0,0,0
-13.503,-5.381,0,0,0,0,0,0,0
-13.605,-5.372,0,0,0,0,0,0,0
-13.597,-5.344,0,0,0,0,0,0,0
-13.705,-5.522,0,0,0,0,0,0,0
-13.555,-5.584,0,0,0,0,0,0,0
-13.24,-5.682,0,0,0,0,0,0,0
-12.758,-5.816,0,0,0,0,0,0,0
-12.225,-5.881,0,0,0,0,0,0,0
-11.841,-6.022,0,0,0,0,0,0,0
-11.838,-6.241,0,0,0,0,0,0,0
-11.857,-6.348,0,0,0,0,0,0,0
-11.687,-6.506,0,0,0,0,0,0,0
-11.52,-6.658,0,0,0,0,0,0,0
-11.489,-6.775,0,0,0,0,0,0,0
-11.561,-6.836,0,0,0,0,0,0,0
-11.605,-6.859,0,0,0,0,0,0,0
-11.605,-7.013,0,0,0,0,0,0,0
-11.351,-7.114,0,0,0,0,0,0,0
-11.018,-7.162,0,0,0,0,0,0,0
-11.002,-7.269,0,0,0,0,0,0,0
-11.048,-7.349,0,0,0,0,0,0,0
-10.994,-7.436,0,0,0,0,0,0,0
-11.002,-7.489,0,0,0,0,0,0,0
-10.971,-7.589,0,0,0,0,0,0,0
-10.825,-7.545,0,0,0,0,0,0,0
-10.824,-7.637,0,0,0,0,0,0,0
-10.916,-7.684,0,0,0,0,0,0,0
-10.926,-7.644,0,0,0,0,0,0,0
-10.973,-7.565,0,0,0,0,0,0,0
-11.006,-7.418,0,0,0,0,0,0,0
-11.01,-7.262,0,0,0,0,0,0,0
-11.064,-7.082,0,0,0,0,0,0,0
-10.962,-6.842,0,0,0,0,0,0,0
-10.902,-6.627,0,0,0,0,0,0,0
-10.845,-6.434,0,0,0,0,0,0,0
-10.784,-6.245,0,0,0,0,0,0,0
-10.659,-5.897,0,0,0,0,0,0,0
-10.488,-5.575,0,0,0,0,0,0,0
-10.375,-5.243,0,0,0,0,0,0,0
-10.447,-5.042,0,0,0,0,0,0,0
-10.535,-4.895,0,0,0,0,0,0,0
-10.416,-4.646,0,0,0,0,0,0,0
-10.103,-4.368,0,0,0,0,0,0,0
-9.878,-4.128,0,0,0,0,0,0,0
-9.883,-3.957,0,0,0,0,0,0,0
-9.857,-3.814,0,0,0,0,0,0,0
-9.846,-3.683,0,0,0,0,0,0,0
-9.838,-3.572,0,0,0,0,0,0,0
-9.84,-3.25,0,0,0,0,0,0,0
-9.792,-3.063,0,0,0,0,0,0,0
-9.941,-2.921,0,0,0,0,0,0,0
-10.107,-2.831,0,0,0,0,0,0,0
-10.334,-2.708,0,0,0,0,0,0,0
-10.527,-2.555,0,0,0,0,0,0,0
-10.71,-2.339,0,0,0,0,0,0,0
-10.779,-2.189,0,0,0,0,0,0,0
-10.836,-2.079,0,0,0,0,0,0,0
-10.839,-2.069,0,0,0,0,0,0,0
-10.858,-2.088,0,0,0,0,0,0,0
-11.008,-2.093,0,0,0,0,0,0,0
-11.076,-2.005,0,0,0,0,0,0,0
-11.167,-1.912,0,0,0,0,0,0,0
-11.107,-1.749,0,0,0,0,0,0,0
-11.028,-1.646,0,0,0,0,0,0,0
-10.971,-1.54,0,0,0,0,0,0,0
-10.858,-1.442,0,0,0,0,0,0,0
-10.916,-1.402,0,0,0,0,0,0,0
-11.08,-1.336,0,0,0,0,0,0,0
-11.178,-1.303,0,0,0,0,0,0,0
-11.196,-1.211,0,0,0,0,0,0,0
-11.211,-1.122,0,0,0,0,0,0,0
-11.24,-1.078,0,0,0,0,0,0,0
-11.192,-1.031,0,0,0,0,0,0,0
-11.272,-1.004,0,0,0,0,0,0,0
-11.299,-0.925,0,0,0,0,0,0,0
-11.268,-0.807,0,0,0,0,0,0,0
-11.15,-0.729,0,0,0,0,0,0,0
-11.026,-0.621,0,0,0,0,0,0,0
-11.04,-0.515,0,0,0,0,0,0,0
-11.001,-0.434,0,0,0,0,0,0,0
-11.067,-0.41,0,0,0,0,0,0,0
-11.19,-0.44,0,0,0,0,0,0,0
-11.354,-0.42,0,0,0,0,0,0,0
-11.428,-0.357,0,0,0,0,0,0,0
-11.391,-0.262,0,0,0,0,0,0,0
-11.39,-0.217,0,0,0,0,0,0,0
-11.46,-0.171,0,0,0,0,0,0,0
-11.463,-0.199,0,0,0,0,0,0,0
-11.498,-0.191,0,0,0,0,0,0,0
-11.442,-0.183,0,0,0,0,0,0,0
-11.476,-0.181,0,0,0,0,0,0,0
-11.498,-0.226,0,0,0,0,0,0,0
-11.544,-0.245,0,0,0,0,0,0,0
-11.645,-0.246,0,0,0,0,0,0,0
-11.74,-0.286,0,0,0,0,0,0,0
-12.03,-0.338,0,0,0,0,0,0,0
-12.478,-0.359,0,0,0,0,0,0,0
-12.791,-0.407,0,0,0,0,0,0,0
-13.053,-0.424,0,0,0,0,0,0,0
-13.467,-0.462,0,0,0,0,0,0,0
-13.609,-0.434,0,0,0,0,0,0,0
-13.8,-0.392,0,0,0,0,0,0,0
-14.13,-0.451,0,0,0,0,0,0,0
-14.422,-0.452,0,0,0,0,0,0,0
-14.479,-0.437,0,0,0,0,0,0,0
-14.647,-0.428,0,0,0,0,0,0,0
-14.68,-0.407,0,0,0,0,0,0,0
-14.834,-0.431,0,0,0,0,0,0,0
-15.134,-0.461,0,0,0,0,0,0,0
-15.478,-0.516,0,0,0,0,0,0,0
-15.687,-0.566,0,0,0,0,0,0,0
-15.657,-0.509,0,0,0,0,0,0,0
-15.726,-0.61,0,0,0,0,0,0,0
-15.854,-0.673,0,0,0,0,0,0,0
-16.057,-0.743,0,0,0,0,0,0,0
-16.212,-0.714,0,0,0,0,0,0,0
-16.297,-0.67,0,0,0,0,0,0,0
-16.35,-0.666,0,0,0,0,0,0,0
-16.512,-0.737,0,0,0,0,0,0,0
-16.679,-0.785,0,0,0,0,0,0,0
-17.032,-0.792,0,0,0,0,0,0,0
-17.414,-0.813,0,0,0,0,0,0,0
-17.832,-0.829,0,0,0,0,0,0,0
-18.228,-0.836,0,0,0,0,0,0,0
-18.475,-0.782,0,0,0,0,0,0,0
-18.528,-0.685,0,0,0,0,0,0,0
-18.499,-0.62,0,0,0,0,0,0,0
-18.775,-0.682,0,0,0,0,0,0,0
-18.82,-0.636,0,0,0,0,0,0,0
-18.926,-0.668,0,0,0,0,0,0,0
-18.919,-0.679,0,0,0,0,0,0,0
-19.072,-0.68,0,0,0,0,0,0,0
-19.212,-0.678,0,0,0,0,0,0,0
-19.164,-0.673,0,0,0,0,0,0,0
-19.289,-0.747,0,0,0,0,0,0,0
-19.473,-0.791,0,0,0,0,0,0,0
-19.635,-0.8,0,0,0,0,0,0,0
-19.815,-0.849,0,0,0,0,0,0,0
-20.072,-0.87,0,0,0,0,0,0,0
-20.661,-0.913,0,0,0,0,0,0,0
-21.29,-0.925,0,0,0,0,0,0,0
-21.618,-0.922,0,0,0,0,0,0,0
-22.012,-0.858,0,0,0,0,0,0,0
-22.338,-0.808,0,0,0,0,0,0,0
-22.607,-0.753,0,0,0,0,0,0,0
-22.956,-0.775,0,0,0,0,0,0,0
-23.309,-0.773,0,0,0,0,0,0,0
-23.592,-0.801,0,0,0,0,0,0,0
-23.642,-0.804,0,0,0,0,0,0,0
-23.775,-0.88,0,0,0,0,0,0,0
-23.919,-0.928,0,0,0,0,0,0,0
-24.016,-0.927,0,0,0,0,0,0,0
-24.211,-0.941,0,0,0,0,0,0,0
-24.372,-0.983,0,0,0,0,0,0,0
-24.5,-1.005,0,0,0,0,0,0,0
-24.632,-1.017,0,0,0,0,0,0,0
-24.758,-1.113,0,0,0,0,0,0,0
-24.855,-1.145,0,0,0,0,0,0,0
-24.955,-1.161,0,0,0,0,0,0,0
-24.969,-1.235,0,0,0,0,0,0,0
-24.949,-1.285,0,0,0,0,0,0,0
-25.01,-1.369,0,0,0,0,0,0,0
-25.131,-1.556,0,0,0,0,0,0,0
-25.233,-1.591,0,0,0,0,0,0,0
-25.22,-1.574,0,0,0,0,0,0,0
-25.128,-1.56,0,0,0,0,0,0,0
-25.161,-1.702,0,0,0,0,0,0,0
-25.186,-1.783,0,0,0,0,0,0,0
-25.197,-1.851,0,0,0,0,0,0,0
-25.251,-2.023,0,0,0,0,0,0,0
-25.28,-2.174,0,0,0,0,0,0,0
-25.529,-2.244,0,0,0,0,0,0,0
-25.541,-2.255,0,0,0,0,0,0,0
-25.485,-2.196,0,0,0,0,0,0,0
-25.527,-2.264,0,0,0,0,0,0,0
-25.572,-2.271,0,0,0,0,0,0,0
-25.695,-2.233,0,0,0,0,0,0,0
-25.768,-2.195,0,0,0,0,0,0,0
-26.017,-2.233,0,0,0,0,0,0,0
-26.475,-2.322,0,0,0,0,0,0,0
-26.872,-2.365,0,0,0,0,0,0,0
-27.197,-2.359,0,0,0,0,0,0,0
-27.3,-2.27,0,0,0,0,0,0,0
-27.365,-2.237,0,0,0,0,0,0,0
-27.573,-2.3,0,0,0,0,0,0,0
-27.748,-2.267,0,0,0,0,0,0,0
-27.741,-2.26,0,0,0,0,0,0,0
-27.801,-2.176,0,0,0,0,0,0,0
-27.857,-2.135,0,0,0,0,0,0,0
-28.134,-2.09,0,0,0,0,0,0,0
-28.305,-1.978,0,0,0,0,0,0,0
-28.508,-1.861,0,0,0,0,0,0,0
-28.856,-1.837,0,0,0,0,0,0,0
-29.204,-1.738,0,0,0,0,0,0,0
-29.645,-1.592,0,0,0,0,0,0,0
-29.978,-1.446,0,0,0,0,0,0,0
-30.207,-1.262,0,0,0,0,0,0,0
-30.417,-1.12,0,0,0,0,0,0,0
-30.53,-0.935,0,0,0,0,0,0,0
-30.572,-0.758,0,0,0,0,0,0,0
-30.553,-0.675,0,0,0,0,0,0,0
-30.513,-0.615,0,0,0,0,0,0,0
-30.333,-0.54,0,0,0,0,0,0,0
-30.429,-0.53,0,0,0,0,0,0,0
-30.578,-0.626,0,0,0,0,0,0,0
-30.993,-0.732,0,0,0,0,0,0,0
-31.265,-0.881,0,0,0,0,0,0,0
-31.557,-1.021,0,0,0,0,0,0,0
-31.943,-1.097,0,0,0,0,0,0,0
-32.192,-1.074,0,0,0,0,0,0,0
-32.426,-1.05,0,0,0,0,0,0,0
-32.802,-1.084,0,0,0,0,0,0,0
-33.291,-1.12,0,0,0,0,0,0,0
-33.562,-1.149,0,0,0,0,0,0,0
-33.734,-1.114,0,0,0,0,0,0,0
-33.701,-1.085,0,0,0,0,0,0,0
-33.646,-1.051,0,0,0,0,0,0,0
-33.75,-1.034,0,0,0,0,0,0,0
-33.972,-1.128,0,0,0,0,0,0,0
-34.083,-1.215,0,0,0,0,0,0,0
-34.221,-1.314,0,0,0,0,0,0,0
-34.314,-1.326,0,0,0,0,0,0,0
-34.56,-1.411,0,0,0,0,0,0,0
-34.859,-1.507,0,0,0,0,0,0,0
-35.138,-1.647,0,0,0,0,0,0,0
-35.493,-1.796,0,0,0,0,0,0,0
-35.707,-1.763,0,0,0,0,0,0,0
-35.825,-1.743,0,0,0,0,0,0,0
-35.813,-1.876,0,0,0,0,0,0,0
-36.084,-2.008,0,0,0,0,0,0,0
-36.265,-2.13,0,0,0,0,0,0,0
-36.342,-2.195,0,0,0,0,0,0,0
-36.362,-2.149,0,0,0,0,0,0,0
-36.36,-2.09,0,0,0,0,0,0,0
-36.422,-1.982,0,0,0,0,0,0,0
-36.603,-1.969,0,0,0,0,0,0,0
-36.902,-1.948,0,0,0,0,0,0,0
-37.03,-1.94,0,0,0,0,0,0,0
-37.085,-1.959,0,0,0,0,0,0,0
-37.213,-1.926,0,0,0,0,0,0,0
-37.351,-1.853,0,0,0,0,0,0,0
-37.366,-1.757,0,0,0,0,0,0,0
-37.52,-1.668,0,0,0,0,0,0,0
-37.652,-1.681,0,0,0,0,0,0,0
-37.822,-1.66,0,0,0,0,0,0,0
-37.906,-1.64,0,0,0,0,0,0,0
-38.128,-1.668,0,0,0,0,0,0,0
-38.438,-1.671,0,0,0,0,0,0,0
-38.576,-1.609,0,0,0,0,0,0,0
-38.743,-1.56,0,0,0,0,0,0,0
-38.879,-1.507,0,0,0,0,0,0,0
-38.915,-1.491,0,0,0,0,0,0,0
-38.879,-1.578,0,0,0,0,0,0,0
-39.044,-1.668,0,0,0,0,0,0,0
-39.218,-1.706,0,0,0,0,0,0,0
-39.295,-1.658,0,0,0,0,0,0,0
-39.372,-1.647,0,0,0,0,0,0,0
-39.433,-1.704,0,0,0,0,0,0,0
-39.524,-1.743,0,0,0,0,0,0,0
-39.622,-1.719,0,0,0,0,0,0,0
-39.728,-1.68,0,0,0,0,0,0,0
-39.803,-1.676,0,0,0,0,0,0,0
-39.911,-1.705,0,0,0,0,0,0,0
-40.136,-1.706,0,0,0,0,0,0,0
-40.264,-1.697,0,0,0,0,0,0,0
-40.31,-1.688,0,0,0,0,0,0,0
-40.419,-1.725,0,0,0,0,0,0,0
-40.561,-1.733,0,0,0,0,0,0,0
-40.65,-1.701,0,0,0,0,0,0,0
-40.836,-1.706,0,0,0,0,0,0,0
-40.995,-1.671,0,0,0,0,0,0,0
-41.147,-1.656,0,0,0,0,0,0,0
-41.289,-1.663,0,0,0,0,0,0,0
-41.394,-1.642,0,0,0,0,0,0,0
-41.544,-1.604,0,0,0,0,0,0,0
-41.599,-1.59,0,0,0,0,0,0,0
-41.68,-1.6,0,0,0,0,0,0,0
-41.912,-1.602,0,0,0,0,0,0,0
-42.123,-1.592,0,0,0,0,0,0,0
-42.267,-1.559,0,0,0,0,0,0,0
-42.354,-1.503,0,0,0,0,0,0,0
-42.443,-1.525,0,0,0,0,0,0,0
-42.556,-1.527,0,0,0,0,0,0,0
-42.663,-1.513,0,0,0,0,0,0,0
-42.809,-1.535,0,0,0,0,0,0,0
-42.889,-1.584,0,0,0,0,0,0,0
-43.151,-1.645,0,0,0,0,0,0,0
-43.182,-1.623,0,0,0,0,0,0,0
-43.179,-1.558,0,0,0,0,0,0,0
-43.254,-1.525,0,0,0,0,0,0,0
-43.336,-1.546,0,0,0,0,0,0,0
-43.455,-1.57,0,0,0,0,0,0,0
-43.55,-1.571,0,0,0,0,0,0,0
-43.616,-1.577,0,0,0,0,0,0,0
-43.731,-1.618,0,0,0,0,0,0,0
-43.847,-1.604,0,0,0,0,0,0,0
-44.001,-1.561,0,0,0,0,0,0,0
-44.173,-1.541,0,0,0,0,0,0,0
-44.259,-1.536,0,0,0,0,0,0,0
-44.463,-1.526,0,0,0,0,0,0,0
-44.545,-1.479,0,0,0,0,0,0,0
-44.674,-1.442,0,0,0,0,0,0,0
-44.832,-1.413,0,0,0,0,0,0,0
-44.998,-1.4,0,0,0,0,0,0,0
-45.166,-1.37,0,0,0,0,0,0,0
-45.275,-1.357,0,0,0,0,0,0,0
-45.357,-1.328,0,0,0,0,0,0,0
-45.494,-1.323,0,0,0,0,0,0,0
-45.638,-1.337,0,0,0,0,0,0,0
-45.795,-1.344,0,0,0,0,0,0,0
-45.907,-1.313,0,0,0,0,0,0,0
-46.057,-1.287,0,0,0,0,0,0,0
-46.241,-1.278,0,0,0,0,0,0,0
-46.427,-1.254,0,0,0,0,0,0,0
-46.521,-1.261,0,0,0,0,0,0,0
-46.7,-1.261,0,0,0,0,0,0,0
-46.925,-1.255,0,0,0,0,0,0,0
-47.068,-1.25,0,0,0,0,0,0,0
-47.346,-1.214,0,0,0,0,0,0,0
-47.765,-1.202,0,0,0,0,0,0,0
-48.026,-1.212,0,0,0,0,0,0,0
-48.149,-1.171,0,0,0,0,0,0,0
-48.313,-1.119,0,0,0,0,0,0,0
-48.494,-1.113,0,0,0,0,0,0,0
-48.595,-1.117,0,0,0,0,0,0,0
-48.706,-1.162,0,0,0,0,0,0,0
-48.903,-1.202,0,0,0,0,0,0,0
-48.958,-1.159,0,0,0,0,0,0,0
-49.059,-1.213,0,0,0,0,0,0,0
-49.275,-1.216,0,0,0,0,0,0,0
-49.432,-1.173,0,0,0,0,0,0,0
-49.587,-1.111,0,0,0,0,0,0,0
-49.758,-1.079,0,0,0,0,0,0,0
-49.944,-1.082,0,0,0,0,0,0,0
-50.126,-1.084,0,0,0,0,0,0,0
-50.258,-1.041,0,0,0,0,0,0,0
-50.451,-1.084,0,0,0,0,0,0,0
-50.645,-1.076,0,0,0,0,0,0,0
-50.854,-1.09,0,0,0,0,0,0,0
-51.039,-1.067,0,0,0,0,0,0,0
-51.036,-1.03,0,0,0,0,0,0,0
-51.117,-1.05,0,0,0,0,0,0,0
-51.36,-1.078,0,0,0,0,0,0,0
-51.398,-1.047,0,0,0,0,0,0,0
-51.541,-1.034,0,0,0,0,0,0,0
-51.703,-1.009,0,0,0,0,0,0,0
-51.703,-0.959,0,0,0,0,0,0,0
-51.832,-0.999,0,0,0,0,0,0,0
-51.947,-1.03,0,0,0,0,0,0,0
-52.1,-1.024,0,0,0,0,0,0,0
-52.104,-0.982,0,0,0,0,0,0,0
-52.182,-0.982,0,0,0,0,0,0,0
-52.345,-1.035,0,0,0,0,0,0,0
-52.459,-1.049,0,0,0,0,0,0,0
-52.628,-1.083,0,0,0,0,0,0,0
-52.752,-1.048,0,0,0,0,0,0,0
-52.87,-1.013,0,0,0,0,0,0,0
-52.93,-0.993,0,0,0,0,0,0,0
-53.086,-0.988,0,0,0,0,0,0,0
-53.286,-1.015,0,0,0,0,0,0,0
-53.337,-0.956,0,0,0,0,0,0,0
-53.497,-0.972,0,0,0,0,0,0,0
-53.651,-0.983,0,0,0,0,0,0,0
-53.782,-0.942,0,0,0,0,0,0,0
-53.874,-0.933,0,0,0,0,0,0,0
-53.942,-0.899,0,0,0,0,0,0,0
-54.014,-0.894,0,0,0,0,0,0,0
-54.204,-0.905,0,0,0,0,0,0,0
-54.399,-0.879,0,0,0,0,0,0,0
-54.453,-0.879,0,0,0,0,0,0,0
-54.56,-0.913,0,0,0,0,0,0,0
-54.688,-0.918,0,0,0,0,0,0,0
-54.826,-0.863,0,0,0,0,0,0,0
-54.975,-0.866,0,0,0,0,0,0,0
-55.15,-0.814,0,0,0,0,0,0,0
-55.286,-0.798,0,0,0,0,0,0,0
-55.356,-0.842,0,0,0,0,0,0,0
-55.379,-0.953,0,0,0,0,0,0,0
-55.299,-0.727,0,0,0,0,0,0,0
-55.421,-0.65,0,0,0,0,0,0,0
-55.499,-0.63,0,0,0,0,0,0,0
-55.591,-0.628,0,0,0,0,0,0,0
-55.669,-0.657,0,0,0,0,0,0,0
-55.69,-0.644,0,0,0,0,0,0,0
-55.768,-0.6,0,0,0,0,0,0,0
-55.934,-0.58,0,0,0,0,0,0,0
-56.064,-0.576,0,0,0,0,0,0,0
-56.286,-0.595,0,0,0,0,0,0,0
-56.398,-0.598,0,0,0,0,0,0,0
-56.593,-0.592,0,0,0,0,0,0,0
-56.719,-0.581,0,0,0,0,0,0,0
-56.846,-0.554,0,0,0,0,0,0,0
-57.057,-0.53,0,0,0,0,0,0,0
-57.289,-0.536,0,0,0,0,0,0,0
-57.492,-0.538,0,0,0,0,0,0,0
-57.603,-0.514,0,0,0,0,0,0,0
-57.783,-0.502,0,0,0,0,0,0,0
-57.942,-0.481,0,0,0,0,0,0,0
-58.291,-0.479,0,0,0,0,0,0,0
-58.505,-0.487,0,0,0,0,0,0,0
-58.684,-0.51,0,0,0,0,0,0,0
-58.888,-0.488,0,0,0,0,0,0,0
-59.202,-0.468,0,0,0,0,0,0,0
-59.386,-0.437,0,0,0,0,0,0,0
-59.567,-0.449,0,0,0,0,0,0,0
-59.793,-0.445,0,0,0,0,0,0,0
-60.016,-0.41,0,0,0,0,0,0,0
-60.122,-0.368,0,0,0,0,0,0,0
-60.196,-0.335,0,0,0,0,0,0,0
-60.341,-0.352,0,0,0,0,0,0,0
-60.429,-0.406,0,0,0,0,0,0,0
-60.488,-0.345,0,0,0,0,0,0,0
-60.577,-0.3,0,0,0,0,0,0,0
-60.639,-0.29,0,0,0,0,0,0,0
-60.726,-0.304,0,0,0,0,0,0,0
-60.859,-0.303,0,0,0,0,0,0,0
-60.979,-0.318,0,0,0,0,0,0,0
-61.194,-0.226,0,0,0,0,0,0,0
-61.292,-0.161,0,0,0,0,0,0,0
-61.548,-0.225,0,0,0,0,0,0,0
-61.825,-0.206,0,0,0,0,0,0,0
-62.227,-0.264,0,0,0,0,0,0,0
-62.566,-0.275,0,0,0,0,0,0,0
-62.702,-0.255,0,0,0,0,0,0,0
-62.899,-0.219,0,0,0,0,0,0,0
-62.934,-0.204,0,0,0,0,0,0,0
-63.002,-0.254,0,0,0,0,0,0,0
-63.239,-0.273,0,0,0,0,0,0,0
-63.329,-0.219,0,0,0,0,0,0,0
-63.484,-0.239,0,0,0,0,0,0,0
-63.666,-0.258,0,0,0,0,0,0,0
-63.797,-0.243,0,0,0,0,0,0,0
-63.875,-0.232,0,0,0,0,0,0,0
-64.012,-0.236,0,0,0,0,0,0,0
-64.129,-0.28,0,0,0,0,0,0,0
-64.285,-0.265,0,0,0,0,0,0,0
-64.4,-0.2,0,0,0,0,0,0,0
-64.583,-0.175,0,0,0,0,0,0,0
-64.727,-0.127,0,0,0,0,0,0,0
-64.807,-0.141,0,0,0,0,0,0,0
-64.971,-0.173,0,0,0,0,0,0,0
-65.131,-0.164,0,0,0,0,0,0,0
-65.274,-0.119,0,0,0,0,0,0,0
-65.47,-0.047,0,0,0,0,0,0,0
-65.721,0.048,0,0,0,0,0,0,0
-65.913,0.079,0,0,0,0,0,0,0
-66.144,0.073,0,0,0,0,0,0,0
-66.5,0.042,0,0,0,0,0,0,0
-66.738,0.018,0,0,0,0,0,0,0
-67.032,0.017,0,0,0,0,0,0,0
-67.234,0.047,0,0,0,0,0,0,0
-67.384,0.102,0,0,0,0,0,0,0
-67.469,0.137,0,0,0,0,0,0,0
-67.599,0.099,0,0,0,0,0,0,0
-67.741,0.068,0,0,0,0,0,0,0
-67.829,0.065,0,0,0,0,0,0,0
-68.068,0.085,0,0,0,0,0,0,0
-68.247,0.183,0,0,0,0,0,0,0
-68.368,0.264,0,0,0,0,0,0,0
-68.576,0.284,0,0,0,0,0,0,0
-68.676,0.336,0,0,0,0,0,0,0
-68.817,0.335,0,0,0,0,0,0,0
-69.064,0.369,0,0,0,0,0,0,0
-69.189,0.428,0,0,0,0,0,0,0
-69.31,0.47,0,0,0,0,0,0,0
-69.474,0.512,0,0,0,0,0,0,0
-69.572,0.559,0,0,0,0,0,0,0
-69.696,0.665,0,0,0,0,0,0,0
-69.845,0.713,0,0,0,0,0,0,0
-70.013,0.719,0,0,0,0,0,0,0
-70.164,0.777,0,0,0,0,0,0,0
-70.292,0.825,0,0,0,0,0,0,0
-70.404,0.88,0,0,0,0,0,0,0
-70.502,0.87,0,0,0,0,0,0,0
-70.672,0.82,0,0,0,0,0,0,0
-70.77,0.795,0,0,0,0,0,0,0
-70.936,0.808,0,0,0,0,0,0,0
-70.962,0.788,0,0,0,0,0,0,0
-71.06,0.777,0,0,0,0,0,0,0
-71.171,0.806,0,0,0,0,0,0,0
-71.23,0.839,0,0,0,0,0,0,0
-71.256,0.873,0,0,0,0,0,0,0
-71.339,0.823,0,0,0,0,0,0,0
-71.51,0.811,0,0,0,0,0,0,0
-71.617,0.817,0,0,0,0,0,0,0
-71.668,0.869,0,0,0,0,0,0,0
-71.717,0.897,0,0,0,0,0,0,0
-71.832,0.901,0,0,0,0,0,0,0
-71.917,0.897,0,0,0,0,0,0,0
-71.989,0.94,0,0,0,0,0,0,0
-72.066,0.929,0,0,0,0,0,0,0
-72.207,0.928,0,0,0,0,0,0,0
-72.258,0.994,0,0,0,0,0,0,0
-72.353,1.021,0,0,0,0,0,0,0
-72.554,1.019,0,0,0,0,0,0,0
-72.711,0.997,0,0,0,0,0,0,0
-72.81,1.025,0,0,0,0,0,0,0
-72.837,1.025,0,0,0,0,0,0,0
-72.972,0.993,0,0,0,0,0,0,0
-73.233,1.003,0,0,0,0,0,0,0
-73.41,1.047,0,0,0,0,0,0,0
-73.617,1.051,0,0,0,0,0,0,0
-73.778,1.076,0,0,0,0,0,0,0
-73.828,1.113,0,0,0,0,0,0,0
-73.966,1.056,0,0,0,0,0,0,0
-74.352,1.003,0,0,0,0,0,0,0
-74.616,1.02,0,0,0,0,0,0,0
-74.741,1.021,0,0,0,0,0,0,0
-74.814,0.988,0,0,0,0,0,0,0
-74.912,0.986,0,0,0,0,0,0,0
-75.003,1,0,0,0,0,0,0,0
-75.087,1.018,0,0,0,0,0,0,0
-75.165,1.055,0,0,0,0,0,0,0
-75.33,1.055,0,0,0,0,0,0,0
-75.415,1.089,0,0,0,0,0,0,0
-75.486,1.136,0,0,0,0,0,0,0
-75.595,1.123,0,0,0,0,0,0,0
-75.645,1.155,0,0,0,0,0,0,0
-75.768,1.146,0,0,0,0,0,0,0
-75.918,1.138,0,0,0,0,0,0,0
-76.042,1.14,0,0,0,0,0,0,0
-76.163,1.143,0,0,0,0,0,0,0
-76.302,1.164,0,0,0,0,0,0,0
-76.399,1.184,0,0,0,0,0,0,0
-76.498,1.168,0,0,0,0,0,0,0
-76.63,1.153,0,0,0,0,0,0,0
-76.78,1.165,0,0,0,0,0,0,0
-76.925,1.141,0,0,0,0,0,0,0
-77.055,1.088,0,0,0,0,0,0,0
-77.161,1.09,0,0,0,0,0,0,0
-77.321,1.095,0,0,0,0,0,0,0
-77.465,1.115,0,0,0,0,0,0,0
-77.565,1.135,0,0,0,0,0,0,0
-77.693,1.128,0,0,0,0,0,0,0
-77.885,1.086,0,0,0,0,0,0,0
-78.261,1.073,0,0,0,0,0,0,0
-78.409,1.114,0,0,0,0,0,0,0
-78.543,1.099,0,0,0,0,0,0,0
-78.766,1.085,0,0,0,0,0,0,0
-78.87,1.127,0,0,0,0,0,0,0
-78.931,1.147,0,0,0,0,0,0,0
-79.072,1.143,0,0,0,0,0,0,0
-79.277,1.119,0,0,0,0,0,0,0
-79.402,1.117,0,0,0,0,0,0,0
-79.51,1.136,0,0,0,0,0,0,0
-79.645,1.13,0,0,0,0,0,0,0
-79.765,1.129,0,0,0,0,0,0,0
-79.927,1.129,0,0,0,0,0,0,0
-80.064,1.133,0,0,0,0,0,0,0
-80.127,1.169,0,0,0,0,0,0,0
-80.237,1.167,0,0,0,0,0,0,0
-80.355,1.19,0,0,0,0,0,0,0
-80.463,1.167,0,0,0,0,0,0,0
-80.586,1.138,0,0,0,0,0,0,0
-80.817,1.133,0,0,0,0,0,0,0
-80.959,1.13,0,0,0,0,0,0,0
-81.212,1.151,0,0,0,0,0,0,0
-81.583,1.191,0,0,0,0,0,0,0
-81.788,1.22,0,0,0,0,0,0,0
-81.905,1.223,0,0,0,0,0,0,0
-82.04,1.218,0,0,0,0,0,0,0
-82.1,1.218,0,0,0,0,0,0,0
-82.244,1.242,0,0,0,0,0,0,0
-82.328,1.282,0,0,0,0,0,0,0
-82.412,1.268,0,0,0,0,0,0,0
-82.397,1.256,0,0,0,0,0,0,0
-82.475,1.234,0,0,0,0,0,0,0
-82.571,1.205,0,0,0,0,0,0,0
-82.834,1.173,0,0,0,0,0,0,0
-82.978,1.128,0,0,0,0,0,0,0
-83.137,1.124,0,0,0,0,0,0,0
-83.342,1.149,0,0,0,0,0,0,0
-83.362,1.162,0,0,0,0,0,0,0
-83.426,1.178,0,0,0,0,0,0,0
-83.542,1.153,0,0,0,0,0,0,0
-83.67,1.107,0,0,0,0,0,0,0
-83.758,1.112,0,0,0,0,0,0,0
-83.872,1.104,0,0,0,0,0,0,0
-83.979,1.084,0,0,0,0,0,0,0
-84.167,1.093,0,0,0,0,0,0,0
-84.296,1.087,0,0,0,0,0,0,0
-84.256,1.086,0,0,0,0,0,0,0
-84.413,1.074,0,0,0,0,0,0,0
-84.5,1.092,0,0,0,0,0,0,0
-84.684,1.097,0,0,0,0,0,0,0
-84.809,1.131,0,0,0,0,0,0,0
-84.934,1.149,0,0,0,0,0,0,0
-85.01,1.142,0,0,0,0,0,0,0
-85.081,1.11,0,0,0,0,0,0,0
-85.205,1.102,0,0,0,0,0,0,0
-85.333,1.098,0,0,0,0,0,0,0
-85.449,1.103,0,0,0,0,0,0,0
-85.512,1.128,0,0,0,0,0,0,0
-85.601,1.097,0,0,0,0,0,0,0
-85.713,1.057,0,0,0,0,0,0,0
-85.738,1.084,0,0,0,0,0,0,0
-85.757,1.101,0,0,0,0,0,0,0
-85.898,1.114,0,0,0,0,0,0,0
-86.063,1.11,0,0,0,0,0,0,0
-86.096,1.132,0,0,0,0,0,0,0
-86.083,1.1,0,0,0,0,0,0,0
-86.075,1.039,0,0,0,0,0,0,0
-86.137,1.029,0,0,0,0,0,0,0
-86.338,1.015,0,0,0,0,0,0,0
-86.44,1,0,0,0,0,0,0,0
-86.658,0.998,0,0,0,0,0,0,0
-86.788,0.991,0,0,0,0,0,0,0
-86.85,0.975,0,0,0,0,0,0,0
-86.879,0.971,0,0,0,0,0,0,0
-86.98,0.945,0,0,0,0,0,0,0
-87.046,0.944,0,0,0,0,0,0,0
-87.104,0.938,0,0,0,0,0,0,0
-87.218,0.95,0,0,0,0,0,0,0
-87.279,0.968,0,0,0,0,0,0,0
-87.312,0.967,0,0,0,0,0,0,0
-87.326,0.974,0,0,0,0,0,0,0
-87.477,0.937,0,0,0,0,0,0,0
-87.567,0.952,0,0,0,0,0,0,0
-87.618,0.973,0,0,0,0,0,0,0
-87.635,0.951,0,0,0,0,0,0,0
-87.723,0.904,0,0,0,0,0,0,0
-87.751,0.905,0,0,0,0,0,0,0
-87.846,0.874,0,0,0,0,0,0,0
-87.962,0.878,0,0,0,0,0,0,0
-88.078,0.886,0,0,0,0,0,0,0
-88.1,0.894,0,0,0,0,0,0,0
-88.167,0.911,0,0,0,0,0,0,0
-88.238,0.906,0,0,0,0,0,0,0
-88.258,0.902,0,0,0,0,0,0,0
-88.412,0.895,0,0,0,0,0,0,0
-88.54,0.881,0,0,0,0,0,0,0
-88.584,0.89,0,0,0,0,0,0,0
-88.668,0.886,0,0,0,0,0,0,0
-88.746,0.886,0,0,0,0,0,0,0
-88.841,0.849,0,0,0,0,0,0,0
-88.967,0.833,0,0,0,0,0,0,0
-89.031,0.879,0,0,0,0,0,0,0
-89.052,0.899,0,0,0,0,0,0,0
-89.16,0.928,0,0,0,0,0,0,0
-89.202,0.921,0,0,0,0,0,0,0
-84.774,0.89,0,0,0,0,0,0,0
-84.964,0.89,0,0,0,0,0,0,0
-85.187,0.89,0,0,0,0,0,0,0
-85.361,0.895,0,0,0,0,0,0,0
-85.542,0.89,0,0,0,0,0,0,0
-81.26,0.903,0,0,0,0,0,0,0
-81.463,0.911,0,0,0,0,0,0,0
-77.259,0.886,0,0,0,0,0,0,0
-77.618,0.907,0,0,0,0,0,0,0
-77.974,0.99,0,0,0,0,0,0,0
-78.326,1.018,0,0,0,0,0,0,0
-78.685,1.015,0,0,0,0,0,0,0
-79.087,1.019,0,0,0,0,0,0,0
-74.937,1.013,0,0,0,0,0,0,0
-75.332,0.997,0,0,0,0,0,0,0
-75.71,0.985,0,0,0,0,0,0,0
-71.621,0.941,0,0,0,0,0,0,0
-67.601,0.952,0,0,0,0,0,0,0
-68.174,0.992,0,0,0,0,0,0,0
-68.749,0.993,0,0,0,0,0,0,0
-64.879,0.982,0,0,0,0,0,0,0
-65.552,0.984,0,0,0,0,0,0,0
-61.71,0.964,0,0,0,0,0,0,0
-62.386,0.963,0,0,0,0,0,0,0
-63.072,0.956,0,0,0,0,0,0,0
-59.291,0.944,0,0,0,0,0,0,0
-55.689,0.934,0,0,0,0,0,0,0
-56.567,0.93,0,0,0,0,0,0,0
-52.922,0.919,0,0,0,0,0,0,0
-49.386,0.899,0,0,0,0,0,0,0
-45.948,0.882,0,0,0,0,0,0,0
-47.037,0.875,0,0,0,0,0,0,0
-43.67,0.886,0,0,0,0,0,0,0
-44.804,0.877,0,0,0,0,0,0,0
-45.973,0.88,0,0,0,0,0,0,0
-42.59,0.883,0,0,0,0,0,0,0
-39.31,0.872,0,0,0,0,0,0,0
-36.125,0.851,0,0,0,0,0,0,0
-32.995,0.828,0,0,0,0,0,0,0
-34.424,0.836,0,0,0,0,0,0,0
-35.809,0.843,0,0,0,0,0,0,0
-37.243,0.877,0,0,0,0,0,0,0
-34.126,0.87,0,0,0,0,0,0,0
-31.096,0.837,0,0,0,0,0,0,0
-28.113,0.809,0,0,0,0,0,0,0
-29.705,0.814,0,0,0,0,0,0,0
-26.739,0.811,0,0,0,0,0,0,0
-23.87,0.81,0,0,0,0,0,0,0
-21.113,0.812,0,0,0,0,0,0,0
-18.421,0.811,0,0,0,0,0,0,0
-15.802,0.788,0,0,0,0,0,0,0
-13.208,0.782,0,0,0,0,0,0,0
-10.663,0.751,0,0,0,0,0,0,0
-12.646,0.731,0,0,0,0,0,0,0
-10.089,0.764,0,0,0,0,0,0,0
-7.633,0.781,0,0,0,0,0,0,0
-5.296,0.755,0,0,0,0,0,0,0
-2.993,0.708,0,0,0,0,0,0,0
-0.722,0.662,0,0,0,0,0,0,0
1.492,0.687,0,0,0,0,0,0,0
3.603,0.682,0,0,0,0,0,0,0
1.169,0.699,0,0,0,0,0,0,0
3.296,0.745,0,0,0,0,0,0,0
5.39,0.749,0,0,0,0,0,0,0
7.388,0.757,0,0,0,0,0,0,0
9.409,0.749,0,0,0,0,0,0,0
11.312,0.741,0,0,0,0,0,0,0
13.14,0.701,0,0,0,0,0,0,0
15.08,0.666,0,0,0,0,0,0,0
16.955,0.665,0,0,0,0,0,0,0
18.697,0.708,0,0,0,0,0,0,0
20.361,0.682,0,0,0,0,0,0,0
21.981,0.782,0,0,0,0,0,0,0
23.667,0.819,0,0,0,0,0,0,0
25.185,0.832,0,0,0,0,0,0,0
26.714,0.812,0,0,0,0,0,0,0
28.175,0.774,0,0,0,0,0,0,0
29.644,0.731,0,0,0,0,0,0,0
31.077,0.766,0,0,0,0,0,0,0
32.502,0.81,0,0,0,0,0,0,0
33.867,0.799,0,0,0,0,0,0,0
35.198,0.774,0,0,0,0,0,0,0
36.564,0.78,0,0,0,0,0,0,0
37.896,0.738,0,0,0,0,0,0,0
39.143,0.737,0,0,0,0,0,0,0
40.328,0.745,0,0,0,0,0,0,0
41.485,0.747,0,0,0,0,0,0,0
42.646,0.791,0,0,0,0,0,0,0
43.754,0.824,0,0,0,0,0,0,0
44.789,0.786,0,0,0,0,0,0,0
45.903,0.797,0,0,0,0,0,0,0
46.875,0.784,0,0,0,0,0,0,0
47.835,0.746,0,0,0,0,0,0,0
48.767,0.701,0,0,0,0,0,0,0
49.668,0.77,0,0,0,0,0,0,0
50.556,0.84,0,0,0,0,0,0,0
51.424,0.859,0,0,0,0,0,0,0
52.273,0.794,0,0,0,0,0,0,0
53.111,0.819,0,0,0,0,0,0,0
53.948,0.865,0,0,0,0,0,0,0
54.781,0.886,0,0,0,0,0,0,0
55.588,0.889,0,0,0,0,0,0,0
56.383,0.865,0,0,0,0,0,0,0
57.175,0.893,0,0,0,0,0,0,0
57.898,0.921,0,0,0,0,0,0,0
58.627,0.934,0,0,0,0,0,0,0
59.308,0.96,0,0,0,0,0,0,0
59.962,0.944,0,0,0,0,0,0,0
60.614,0.93,0,0,0,0,0,0,0
61.252,0.956,0,0,0,0,0,0,0
61.877,0.941,0,0,0,0,0,0,0
62.503,0.905,0,0,0,0,0,0,0
63.089,0.923,0,0,0,0,0,0,0
63.694,0.971,0,0,0,0,0,0,0
64.213,0.974,0,0,0,0,0,0,0
64.722,0.966,0,0,0,0,0,0,0
65.232,0.936,0,0,0,0,0,0,0
65.779,0.951,0,0,0,0,0,0,0
66.364,1,0,0,0,0,0,0,0
66.828,1.008,0,0,0,0,0,0,0
67.304,1.002,0,0,0,0,0,0,0
67.734,1.02,0,0,0,0,0,0,0
68.131,1.013,0,0,0,0,0,0,0
68.504,1.081,0,0,0,0,0,0,0
68.901,1.067,0,0,0,0,0,0,0
69.406,0.999,0,0,0,0,0,0,0
69.816,1.036,0,0,0,0,0,0,0
70.229,1.059,0,0,0,0,0,0,0
70.597,1.036,0,0,0,0,0,0,0
70.991,1.07,0,0,0,0,0,0,0
71.344,1.098,0,0,0,0,0,0,0
71.72,1.12,0,0,0,0,0,0,0
72.051,1.165,0,0,0,0,0,0,0
72.401,1.154,0,0,0,0,0,0,0
72.746,1.144,0,0,0,0,0,0,0
73.067,1.098,0,0,0,0,0,0,0
73.335,1.078,0,0,0,0,0,0,0
73.646,1.071,0,0,0,0,0,0,0
73.983,1.053,0,0,0,0,0,0,0
74.264,1.053,0,0,0,0,0,0,0
74.595,1.071,0,0,0,0,0,0,0
74.867,1.073,0,0,0,0,0,0,0
75.111,1.038,0,0,0,0,0,0,0
75.367,0.991,0,0,0,0,0,0,0
75.675,1.009,0,0,0,0,0,0,0
75.903,1.026,0,0,0,0,0,0,0
76.109,0.999,0,0,0,0,0,0,0
76.355,0.947,0,0,0,0,0,0,0
76.634,0.928,0,0,0,0,0,0,0
76.835,0.971,0,0,0,0,0,0,0
77.044,0.985,0,0,0,0,0,0,0
77.226,0.988,0,0,0,0,0,0,0
77.479,0.999,0,0,0,0,0,0,0
77.67,0.97,0,0,0,0,0,0,0
77.869,0.922,0,0,0,0,0,0,0
78.112,0.893,0,0,0,0,0,0,0
78.304,0.917,0,0,0,0,0,0,0
78.484,0.932,0,0,0,0,0,0,0
78.603,0.969,0,0,0,0,0,0,0
78.779,0.994,0,0,0,0,0,0,0
78.888,0.975,0,0,0,0,0,0,0
79.007,0.947,0,0,0,0,0,0,0
79.173,0.934,0,0,0,0,0,0,0
79.332,0.969,0,0,0,0,0,0,0
79.419,0.995,0,0,0,0,0,0,0
79.482,0.995,0,0,0,0,0,0,0
79.604,0.989,0,0,0,0,0,0,0
79.724,0.986,0,0,0,0,0,0,0
79.879,1,0,0,0,0,0,0,0
79.968,1.04,0,0,0,0,0,0,0
80.005,1.006,0,0,0,0,0,0,0
80.058,0.94,0,0,0,0,0,0,0
80.155,0.918,0,0,0,0,0,0,0
80.283,0.968,0,0,0,0,0,0,0
80.416,0.979,0,0,0,0,0,0,0
80.458,0.994,0,0,0,0,0,0,0
80.511,0.993,0,0,0,0,0,0,0
80.6,0.96,0,0,0,0,0,0,0
80.665,0.969,0,0,0,0,0,0,0
80.72,0.946,0,0,0,0,0,0,0
80.836,0.961,0,0,0,0,0,0,0
80.938,0.971,0,0,0,0,0,0,0
81.021,0.989,0,0,0,0,0,0,0
81.097,0.982,0,0,0,0,0,0,0
81.166,0.948,0,0,0,0,0,0,0
81.234,0.913,0,0,0,0,0,0,0
81.322,0.868,0,0,0,0,0,0,0
81.43,0.891,0,0,0,0,0,0,0
81.549,0.959,0,0,0,0,0,0,0
81.583,1.022,0,0,0,0,0,0,0
81.567,1.017,0,0,0,0,0,0,0
81.393,1.029,0,0,0,0,0,0,0
81.487,1.012,0,0,0,0,0,0,0
81.56,1.002,0,0,0,0,0,0,0
81.613,1.034,0,0,0,0,0,0,0
81.668,1.038,0,0,0,0,0,0,0
81.742,0.988,0,0,0,0,0,0,0
81.806,0.968,0,0,0,0,0,0,0
81.866,0.952,0,0,0,0,0,0,0
81.927,0.91,0,0,0,0,0,0,0
82.024,0.92,0,0,0,0,0,0,0
82.037,0.993,0,0,0,0,0,0,0
82.12,0.977,0,0,0,0,0,0,0
82.136,0.954,0,0,0,0,0,0,0
82.173,0.909,0,0,0,0,0,0,0
82.178,0.892,0,0,0,0,0,0,0
82.185,0.887,0,0,0,0,0,0,0
82.201,0.88,0,0,0,0,0,0,0
82.224,0.912,0,0,0,0,0,0,0
82.218,0.942,0,0,0,0,0,0,0
82.234,0.883,0,0,0,0,0,0,0
82.292,0.859,0,0,0,0,0,0,0
82.28,0.887,0,0,0,0,0,0,0
82.3,0.898,0,0,0,0,0,0,0
82.363,0.888,0,0,0,0,0,0,0
82.433,0.893,0,0,0,0,0,0,0
82.431,0.897,0,0,0,0,0,0,0
82.466,0.872,0,0,0,0,0,0,0
82.51,0.871,0,0,0,0,0,0,0
82.5,0.893,0,0,0,0,0,0,0
82.509,0.839,0,0,0,0,0,0,0
82.562,0.827,0,0,0,0,0,0,0
82.575,0.82,0,0,0,0,0,0,0
82.572,0.812,0,0,0,0,0,0,0
82.54,0.832,0,0,0,0,0,0,0
82.491,0.816,0,0,0,0,0,0,0
82.449,0.778,0,0,0,0,0,0,0
82.434,0.702,0,0,0,0,0,0,0
82.448,0.664,0,0,0,0,0,0,0
82.407,0.628,0,0,0,0,0,0,0
82.329,0.611,0,0,0,0,0,0,0
82.319,0.646,0,0,0,0,0,0,0
82.293,0.723,0,0,0,0,0,0,0
82.328,0.711,0,0,0,0,0,0,0
82.374,0.672,0,0,0,0,0,0,0
82.442,0.66,0,0,0,0,0,0,0
82.427,0.65,0,0,0,0,0,0,0
82.446,0.631,0,0,0,0,0,0,0
82.457,0.628,0,0,0,0,0,0,0
82.46,0.686,0,0,0,0,0,0,0
82.48,0.699,0,0,0,0,0,0,0
82.525,0.724,0,0,0,0,0,0,0
82.563,0.739,0,0,0,0,0,0,0
82.522,0.806,0,0,0,0,0,0,0
82.439,0.844,0,0,0,0,0,0,0
82.4,0.828,0,0,0,0,0,0,0
82.388,0.808,0,0,0,0,0,0,0
82.302,0.835,0,0,0,0,0,0,0
82.193,0.867,0,0,0,0,0,0,0
82.116,0.851,0,0,0,0,0,0,0
82.055,0.836,0,0,0,0,0,0,0
82.028,0.864,0,0,0,0,0,0,0
82.022,0.826,0,0,0,0,0,0,0
82.026,0.825,0,0,0,0,0,0,0
81.972,0.818,0,0,0,0,0,0,0
81.993,0.817,0,0,0,0,0,0,0
81.982,0.85,0,0,0,0,0,0,0
81.966,0.83,0,0,0,0,0,0,0
82.029,0.815,0,0,0,0,0,0,0
82.073,0.829,0,0,0,0,0,0,0
82.082,0.836,0,0,0,0,0,0,0
82.117,0.808,0,0,0,0,0,0,0
82.13,0.82,0,0,0,0,0,0,0
82.108,0.811,0,0,0,0,0,0,0
82.142,0.8,0,0,0,0,0,0,0
82.162,0.813,0,0,0,0,0,0,0
82.209,0.817,0,0,0,0,0,0,0
82.288,0.826,0,0,0,0,0,0,0
82.337,0.835,0,0,0,0,0,0,0
82.334,0.813,0,0,0,0,0,0,0
82.382,0.794,0,0,0,0,0,0,0
82.394,0.813,0,0,0,0,0,0,0
82.382,0.844,0,0,0,0,0,0,0
82.442,0.805,0,0,0,0,0,0,0
82.403,0.829,0,0,0,0,0,0,0
82.358,0.823,0,0,0,0,0,0,0
82.325,0.889,0,0,0,0,0,0,0
82.214,0.913,0,0,0,0,0,0,0
82.216,0.876,0,0,0,0,0,0,0
82.143,0.879,0,0,0,0,0,0,0
82.136,0.897,0,0,0,0,0,0,0
82.048,0.936,0,0,0,0,0,0,0
81.949,0.945,0,0,0,0,0,0,0
81.926,0.934,0,0,0,0,0,0,0
81.866,0.935,0,0,0,0,0,0,0
81.785,0.948,0,0,0,0,0,0,0
81.765,0.951,0,0,0,0,0,0,0
81.754,0.981,0,0,0,0,0,0,0
81.799,0.935,0,0,0,0,0,0,0
81.822,0.934,0,0,0,0,0,0,0
81.781,0.955,0,0,0,0,0,0,0
81.74,0.971,0,0,0,0,0,0,0
81.724,0.956,0,0,0,0,0,0,0
81.762,0.94,0,0,0,0,0,0,0
81.754,0.954,0,0,0,0,0,0,0
81.772,0.934,0,0,0,0,0,0,0
81.754,0.904,0,0,0,0,0,0,0
81.838,0.891,0,0,0,0,0,0,0
81.831,0.888,0,0,0,0,0,0,0
81.903,0.881,0,0,0,0,0,0,0
81.937,0.884,0,0,0,0,0,0,0
82,0.839,0,0,0,0,0,0,0
82.039,0.828,0,0,0,0,0,0,0
82.166,0.829,0,0,0,0,0,0,0
82.282,0.84,0,0,0,0,0,0,0
82.322,0.819,0,0,0,0,0,0,0
82.35,0.819,0,0,0,0,0,0,0
82.316,0.86,0,0,0,0,0,0,0
82.292,0.877,0,0,0,0,0,0,0
82.273,0.895,0,0,0,0,0,0,0
82.216,0.868,0,0,0,0,0,0,0
82.255,0.867,0,0,0,0,0,0,0
82.268,0.858,0,0,0,0,0,0,0
82.325,0.836,0,0,0,0,0,0,0
82.266,0.848,0,0,0,0,0,0,0
82.211,0.833,0,0,0,0,0,0,0
82.221,0.815,0,0,0,0,0,0,0
82.207,0.831,0,0,0,0,0,0,0
82.179,0.855,0,0,0,0,0,0,0
82.178,0.823,0,0,0,0,0,0,0
82.211,0.826,0,0,0,0,0,0,0
82.263,0.796,0,0,0,0,0,0,0
82.244,0.804,0,0,0,0,0,0,0
82.278,0.829,0,0,0,0,0,0,0
82.332,0.793,0,0,0,0,0,0,0
82.376,0.782,0,0,0,0,0,0,0
82.381,0.797,0,0,0,0,0,0,0
82.401,0.808,0,0,0,0,0,0,0
82.422,0.79,0,0,0,0,0,0,0
82.481,0.797,0,0,0,0,0,0,0
82.495,0.824,0,0,0,0,0,0,0
82.514,0.792,0,0,0,0,0,0,0
82.548,0.776,0,0,0,0,0,0,0
82.619,0.781,0,0,0,0,0,0,0
82.711,0.825,0,0,0,0,0,0,0
82.768,0.835,0,0,0,0,0,0,0
82.844,0.85,0,0,0,0,0,0,0
82.889,0.85,0,0,0,0,0,0,0
82.882,0.839,0,0,0,0,0,0,0
82.969,0.806,0,0,0,0,0,0,0
83.049,0.834,0,0,0,0,0,0,0
83.12,0.868,0,0,0,0,0,0,0
83.123,0.879,0,0,0,0,0,0,0
83.125,0.887,0,0,0,0,0,0,0
83.087,0.915,0,0,0,0,0,0,0
83.158,0.93,0,0,0,0,0,0,0
83.196,0.898,0,0,0,0,0,0,0
83.278,0.92,0,0,0,0,0,0,0
83.321,0.925,0,0,0,0,0,0,0
83.444,0.955,0,0,0,0,0,0,0
83.437,0.948,0,0,0,0,0,0,0
83.498,0.898,0,0,0,0,0,0,0
83.56,0.88,0,0,0,0,0,0,0
83.704,0.889,0,0,0,0,0,0,0
83.835,0.894,0,0,0,0,0,0,0
84.011,0.941,0,0,0,0,0,0,0
84.068,0.918,0,0,0,0,0,0,0
84.093,0.87,0,0,0,0,0,0,0
84.193,0.842,0,0,0,0,0,0,0
84.246,0.825,0,0,0,0,0,0,0
84.294,0.868,0,0,0,0,0,0,0
84.381,0.868,0,0,0,0,0,0,0
84.46,0.791,0,0,0,0,0,0,0
84.608,0.736,0,0,0,0,0,0,0
84.714,0.762,0,0,0,0,0,0,0
84.777,0.796,0,0,0,0,0,0,0
84.807,0.78,0,0,0,0,0,0,0
84.867,0.776,0,0,0,0,0,0,0
84.973,0.785,0,0,0,0,0,0,0
85.045,0.831,0,0,0,0,0,0,0
85.054,0.815,0,0,0,0,0,0,0
85.091,0.739,0,0,0,0,0,0,0
85.23,0.728,0,0,0,0,0,0,0
85.384,0.764,0,0,0,0,0,0,0
85.537,0.744,0,0,0,0,0,0,0
85.606,0.69,0,0,0,0,0,0,0
85.681,0.624,0,0,0,0,0,0,0
85.84,0.591,0,0,0,0,0,0,0
85.999,0.601,0,0,0,0,0,0,0
86.122,0.602,0,0,0,0,0,0,0
86.211,0.566,0,0,0,0,0,0,0
86.405,0.498,0,0,0,0,0,0,0
86.647,0.487,0,0,0,0,0,0,0
86.833,0.525,0,0,0,0,0,0,0
87.001,0.553,0,0,0,0,0,0,0
87.186,0.51,0,0,0,0,0,0,0
87.339,0.545,0,0,0,0,0,0,0
87.456,0.581,0,0,0,0,0,0,0
87.552,0.566,0,0,0,0,0,0,0
87.65,0.539,0,0,0,0,0,0,0
87.745,0.602,0,0,0,0,0,0,0
87.832,0.623,0,0,0,0,0,0,0
88.078,0.57,0,0,0,0,0,0,0
88.292,0.508,0,0,0,0,0,0,0
84.026,0.521,0,0,0,0,0,0,0
79.777,0.616,0,0,0,0,0,0,0
80.112,0.693,0,0,0,0,0,0,0
80.362,0.684,0,0,0,0,0,0,0
80.694,0.658,0,0,0,0,0,0,0
76.527,0.616,0,0,0,0,0,0,0
72.393,0.65,0,0,0,0,0,0,0
72.787,0.703,0,0,0,0,0,0,0
73.25,0.69,0,0,0,0,0,0,0
73.743,0.655,0,0,0,0,0,0,0
69.824,0.65,0,0,0,0,0,0,0
65.99,0.706,0,0,0,0,0,0,0
66.673,0.725,0,0,0,0,0,0,0
62.896,0.698,0,0,0,0,0,0,0
59.202,0.729,0,0,0,0,0,0,0
55.616,0.757,0,0,0,0,0,0,0
52.076,0.817,0,0,0,0,0,0,0
48.495,0.862,0,0,0,0,0,0,0
45.093,0.861,0,0,0,0,0,0,0
41.769,0.847,0,0,0,0,0,0,0
38.591,0.86,0,0,0,0,0,0,0
35.469,0.855,0,0,0,0,0,0,0
32.559,0.837,0,0,0,0,0,0,0
29.628,0.843,0,0,0,0,0,0,0
26.794,0.835,0,0,0,0,0,0,0
24.033,0.793,0,0,0,0,0,0,0
21.385,0.806,0,0,0,0,0,0,0
18.841,0.848,0,0,0,0,0,0,0
16.498,0.831,0,0,0,0,0,0,0
14.122,0.79,0,0,0,0,0,0,0
11.767,0.713,0,0,0,0,0,0,0
9.537,0.648,0,0,0,0,0,0,0
7.298,0.677,0,0,0,0,0,0,0
5.05,0.747,0,0,0,0,0,0,0
2.829,0.719,0,0,0,0,0,0,0
0.75,0.636,0,0,0,0,0,0,0
-1.177,0.593,0,0,0,0,0,0,0
-3.272,0.567,0,0,0,0,0,0,0
-5.308,0.532,0,0,0,0,0,0,0
-7.261,0.521,0,0,0,0,0,0,0
-9.134,0.533,0,0,0,0,0,0,0
-10.922,0.536,0,0,0,0,0,0,0
-12.746,0.547,0,0,0,0,0,0,0
-14.513,0.558,0,0,0,0,0,0,0
-16.21,0.533,0,0,0,0,0,0,0
-17.811,0.512,0,0,0,0,0,0,0
-19.406,0.521,0,0,0,0,0,0,0
-20.973,0.522,0,0,0,0,0,0,0
-22.562,0.527,0,0,0,0,0,0,0
-24.073,0.508,0,0,0,0,0,0,0
-25.516,0.459,0,0,0,0,0,0,0
-26.867,0.433,0,0,0,0,0,0,0
-28.147,0.398,0,0,0,0,0,0,0
-29.389,0.375,0,0,0,0,0,0,0
-30.655,0.376,0,0,0,0,0,0,0
-31.885,0.401,0,0,0,0,0,0,0
-33.137,0.407,0,0,0,0,0,0,0
-34.426,0.394,0,0,0,0,0,0,0
-35.629,0.42,0,0,0,0,0,0,0
-36.441,0.423,0,0,0,0,0,0,0
-37.491,0.378,0,0,0,0,0,0,0
-38.557,0.368,0,0,0,0,0,0,0
-39.06,0.35,0,0,0,0,0,0,0
-39.752,0.329,0,0,0,0,0,0,0
-40.605,0.334,0,0,0,0,0,0,0
-41.351,0.311,0,0,0,0,0,0,0
-42.133,0.298,0,0,0,0,0,0,0
-42.918,0.288,0,0,0,0,0,0,0
-43.692,0.219,0,0,0,0,0,0,0
-44.165,0.17,0,0,0,0,0,0,0
-44.949,0.159,0,0,0,0,0,0,0
-45.682,0.155,0,0,0,0,0,0,0
-46.3,0.13,0,0,0,0,0,0,0
-46.822,0.078,0,0,0,0,0,0,0
-47.164,-0.005,0,0,0,0,0,0,0
-47.691,-0.054,0,0,0,0,0,0,0
-48.169,-0.057,0,0,0,0,0,0,0
-48.6,-0.059,0,0,0,0,0,0,0
-49.134,-0.091,0,0,0,0,0,0,0
-49.665,-0.102,0,0,0,0,0,0,0
-50.087,-0.076,0,0,0,0,0,0,0
-50.411,-0.075,0,0,0,0,0,0,0
-50.404,-0.025,0,0,0,0,0,0,0
-50.875,0.011,0,0,0,0,0,0,0
-51.151,0.045,0,0,0,0,0,0,0
-51.34,0.083,0,0,0,0,0,0,0
-51.499,0.074,0,0,0,0,0,0,0
-51.645,0.034,0,0,0,0,0,0,0
-51.832,-0.031,0,0,0,0,0,0,0
-51.983,-0.013,0,0,0,0,0,0,0
-51.92,0.037,0,0,0,0,0,0,0
-52.076,0.01,0,0,0,0,0,0,0
-52.147,0.016,0,0,0,0,0,0,0
-52.232,0.069,0,0,0,0,0,0,0
-52.415,0.074,0,0,0,0,0,0,0
-52.608,0.087,0,0,0,0,0,0,0
-52.809,0.095,0,0,0,0,0,0,0
-52.915,0.135,0,0,0,0,0,0,0
-53.069,0.204,0,0,0,0,0,0,0
-53.162,0.297,0,0,0,0,0,0,0
-53.211,0.379,0,0,0,0,0,0,0
-53.348,0.398,0,0,0,0,0,0,0
-53.51,0.414,0,0,0,0,0,0,0
-53.592,0.442,0,0,0,0,0,0,0
-53.634,0.482,0,0,0,0,0,0,0
-53.522,0.487,0,0,0,0,0,0,0
-53.361,0.481,0,0,0,0,0,0,0
-53.141,0.536,0,0,0,0,0,0,0
-52.93,0.667,0,0,0,0,0,0,0
-52.738,0.808,0,0,0,0,0,0,0
-52.584,0.889,0,0,0,0,0,0,0
-52.613,0.864,0,0,0,0,0,0,0
-52.643,0.817,0,0,0,0,0,0,0
-52.572,0.854,0,0,0,0,0,0,0
-52.495,0.889,0,0,0,0,0,0,0
-52.381,0.837,0,0,0,0,0,0,0
-52.233,0.85,0,0,0,0,0,0,0
-51.967,0.915,0,0,0,0,0,0,0
-51.651,0.999,0,0,0,0,0,0,0
-51.354,1.061,0,0,0,0,0,0,0
-51.173,1.091,0,0,0,0,0,0,0
-51.015,1.084,0,0,0,0,0,0,0
-50.804,1.089,0,0,0,0,0,0,0
-50.442,1.164,0,0,0,0,0,0,0
-49.763,1.268,0,0,0,0,0,0,0
-49.385,1.425,0,0,0,0,0,0,0
-49.161,1.492,0,0,0,0,0,0,0
-48.724,1.561,0,0,0,0,0,0,0
-48.473,1.663,0,0,0,0,0,0,0
-48.194,1.734,0,0,0,0,0,0,0
-47.54,1.884,0,0,0,0,0,0,0
-46.685,2.035,0,0,0,0,0,0,0
-45.579,2.216,0,0,0,0,0,0,0
-44.638,2.378,0,0,0,0,0,0,0
-43.996,2.4,0,0,0,0,0,0,0
-43.657,2.338,0,0,0,0,0,0,0
-43.29,2.308,0,0,0,0,0,0,0
-43.099,2.281,0,0,0,0,0,0,0
-42.732,2.279,0,0,0,0,0,0,0
-41.991,2.309,0,0,0,0,0,0,0
-41.034,2.339,0,0,0,0,0,0,0
-39.927,2.377,0,0,0,0,0,0,0
-38.652,2.405,0,0,0,0,0,0,0
-37.638,2.407,0,0,0,0,0,0,0
-36.807,2.351,0,0,0,0,0,0,0
-35.909,2.289,0,0,0,0,0,0,0
-34.902,2.259,0,0,0,0,0,0,0
-33.943,2.275,0,0,0,0,0,0,0
-32.941,2.225,0,0,0,0,0,0,0
-32.013,2.11,0,0,0,0,0,0,0
-31.159,2.02,0,0,0,0,0,0,0
-30.268,2.009,0,0,0,0,0,0,0
-29.038,2.045,0,0,0,0,0,0,0
-27.81,2.069,0,0,0,0,0,0,0
-26.566,2.14,0,0,0,0,0,0,0
-25.389,2.191,0,0,0,0,0,0,0
-24.417,2.201,0,0,0,0,0,0,0
-23.89,2.144,0,0,0,0,0,0,0
-23.132,2.138,0,0,0,0,0,0,0
-21.921,2.16,0,0,0,0,0,0,0
-20.664,2.195,0,0,0,0,0,0,0
-19.403,2.174,0,0,0,0,0,0,0
-17.935,2.19,0,0,0,0,0,0,0
-16.639,2.248,0,0,0,0,0,0,0
-15.558,2.238,0,0,0,0,0,0,0
-14.486,2.213,0,0,0,0,0,0,0
-13.183,2.261,0,0,0,0,0,0,0
-11.549,2.307,0,0,0,0,0,0,0
-9.816,2.313,0,0,0,0,0,0,0
-8.252,2.328,0,0,0,0,0,0,0
-6.931,2.289,0,0,0,0,0,0,0
-5.883,2.232,0,0,0,0,0,0,0
-4.775,2.181,0,0,0,0,0,0,0
-3.435,2.219,0,0,0,0,0,0,0
-1.948,2.259,0,0,0,0,0,0,0
-0.368,2.251,0,0,0,0,0,0,0
0.872,2.307,0,0,0,0,0,0,0
1.713,2.255,0,0,0,0,0,0,0
2.562,2.188,0,0,0,0,0,0,0
3.621,2.185,0,0,0,0,0,0,0
4.942,2.154,0,0,0,0,0,0,0
6.55,2.152,0,0,0,0,0,0,0
8.067,2.235,0,0,0,0,0,0,0
9.413,2.288,0,0,0,0,0,0,0
10.645,2.26,0,0,0,0,0,0,0
11.89,2.246,0,0,0,0,0,0,0
13.327,2.222,0,0,0,0,0,0,0
14.795,2.173,0,0,0,0,0,0,0
16.17,2.138,0,0,0,0,0,0,0
17.272,1.997,0,0,0,0,0,0,0
18.178,1.896,0,0,0,0,0,0,0
19.136,1.841,0,0,0,0,0,0,0
20.105,1.874,0,0,0,0,0,0,0
21.341,1.849,0,0,0,0,0,0,0
22.332,1.74,0,0,0,0,0,0,0
23.147,1.665,0,0,0,0,0,0,0
23.986,1.638,0,0,0,0,0,0,0
24.871,1.68,0,0,0,0,0,0,0
26.172,1.75,0,0,0,0,0,0,0
28.005,1.73,0,0,0,0,0,0,0
29.449,1.717,0,0,0,0,0,0,0
30.766,1.665,0,0,0,0,0,0,0
31.465,1.61,0,0,0,0,0,0,0
31.886,1.559,0,0,0,0,0,0,0
32.415,1.502,0,0,0,0,0,0,0
33.245,1.441,0,0,0,0,0,0,0
34.392,1.448,0,0,0,0,0,0,0
35.526,1.513,0,0,0,0,0,0,0
36.344,1.498,0,0,0,0,0,0,0
36.797,1.527,0,0,0,0,0,0,0
36.861,1.549,0,0,0,0,0,0,0
36.416,1.564,0,0,0,0,0,0,0
36.453,1.755,0,0,0,0,0,0,0
36.6,2.14,0,0,0,0,0,0,0
37.234,2.435,0,0,0,0,0,0,0
38.224,2.541,0,0,0,0,0,0,0
38.985,2.644,0,0,0,0,0,0,0
39.631,2.715,0,0,0,0,0,0,0
39.872,2.801,0,0,0,0,0,0,0
39.901,2.849,0,0,0,0,0,0,0
40.139,2.852,0,0,0,0,0,0,0
40.298,2.835,0,0,0,0,0,0,0
40.893,2.821,0,0,0,0,0,0,0
42.392,2.911,0,0,0,0,0,0,0
44.082,3.185,0,0,0,0,0,0,0
45.395,3.367,0,0,0,0,0,0,0
45.993,3.378,0,0,0,0,0,0,0
45.348,3.238,0,0,0,0,0,0,0
45.298,3.204,0,0,0,0,0,0,0
45.826,3.246,0,0,0,0,0,0,0
46.263,3.294,0,0,0,0,0,0,0
47.285,3.412,0,0,0,0,0,0,0
48.403,3.533,0,0,0,0,0,0,0
49.116,3.604,0,0,0,0,0,0,0
49.796,3.556,0,0,0,0,0,0,0
50.598,3.539,0,0,0,0,0,0,0
50.886,3.551,0,0,0,0,0,0,0
51.364,3.585,0,0,0,0,0,0,0
52.32,3.592,0,0,0,0,0,0,0
53.16,3.614,0,0,0,0,0,0,0
54.074,3.629,0,0,0,0,0,0,0
55.326,3.697,0,0,0,0,0,0,0
57.076,3.811,0,0,0,0,0,0,0
58.64,3.885,0,0,0,0,0,0,0
60.521,3.892,0,0,0,0,0,0,0
62.719,3.871,0,0,0,0,0,0,0
64.131,3.91,0,0,0,0,0,0,0
65.325,3.917,0,0,0,0,0,0,0
66.343,3.935,0,0,0,0,0,0,0
66.827,3.904,0,0,0,0,0,0,0
66.833,3.839,0,0,0,0,0,0,0
68.002,3.746,0,0,0,0,0,0,0
69.72,3.816,0,0,0,0,0,0,0
71.632,3.951,0,0,0,0,0,0,0
73.902,3.998,0,0,0,0,0,0,0
75.913,3.973,0,0,0,0,0,0,0
76.914,3.922,0,0,0,0,0,0,0
77.837,3.864,0,0,0,0,0,0,0
79.279,3.881,0,0,0,0,0,0,0
80.43,3.944,0,0,0,0,0,0,0
81.227,3.926,0,0,0,0,0,0,0
81.859,3.877,0,0,0,0,0,0,0
82.137,3.839,0,0,0,0,0,0,0
82.647,3.783,0,0,0,0,0,0,0
83.541,3.772,0,0,0,0,0,0,0
84.693,3.824,0,0,0,0,0,0,0
85.993,3.924,0,0,0,0,0,0,0
87.287,4.04,0,0,0,0,0,0,0
87.927,4.074,0,0,0,0,0,0,0
83.714,4.015,0,0,0,0,0,0,0
79.892,3.948,0,0,0,0,0,0,0
76.684,3.954,0,0,0,0,0,0,0
74.171,3.947,0,0,0,0,0,0,0
72.016,3.968,0,0,0,0,0,0,0
69.651,4.055,0,0,0,0,0,0,0
66.753,3.984,0,0,0,0,0,0,0
64.024,3.841,0,0,0,0,0,0,0
61.397,3.719,0,0,0,0,0,0,0
58.887,3.62,0,0,0,0,0,0,0
56.63,3.623,0,0,0,0,0,0,0
55.108,3.645,0,0,0,0,0,0,0
53.425,3.637,0,0,0,0,0,0,0
51.14,3.615,0,0,0,0,0,0,0
48.702,3.588,0,0,0,0,0,0,0
46.114,3.603,0,0,0,0,0,0,0
43.6,3.641,0,0,0,0,0,0,0
41.368,3.628,0,0,0,0,0,0,0
39.018,3.541,0,0,0,0,0,0,0
36.761,3.495,0,0,0,0,0,0,0
34.794,3.474,0,0,0,0,0,0,0
32.716,3.482,0,0,0,0,0,0,0
30.546,3.483,0,0,0,0,0,0,0
28.709,3.464,0,0,0,0,0,0,0
26.95,3.356,0,0,0,0,0,0,0
24.979,3.321,0,0,0,0,0,0,0
23.204,3.313,0,0,0,0,0,0,0
21.752,3.251,0,0,0,0,0,0,0
20.15,3.214,0,0,0,0,0,0,0
18.584,3.182,0,0,0,0,0,0,0
17.009,3.156,0,0,0,0,0,0,0
15.393,3.141,0,0,0,0,0,0,0
13.995,3.126,0,0,0,0,0,0,0
12.782,3.013,0,0,0,0,0,0,0
11.53,2.931,0,0,0,0,0,0,0
10.457,2.813,0,0,0,0,0,0,0
9.046,2.776,0,0,0,0,0,0,0
7.448,2.85,0,0,0,0,0,0,0
5.982,2.861,0,0,0,0,0,0,0
4.403,2.871,0,0,0,0,0,0,0
2.915,2.818,0,0,0,0,0,0,0
1.372,2.794,0,0,0,0,0,0,0
-0.174,2.822,0,0,0,0,0,0,0
-1.594,2.834,0,0,0,0,0,0,0
-2.933,2.828,0,0,0,0,0,0,0
-4.256,2.832,0,0,0,0,0,0,0
-5.625,2.811,0,0,0,0,0,0,0
-7.21,2.825,0,0,0,0,0,0,0
-8.618,2.855,0,0,0,0,0,0,0
-9.683,2.806,0,0,0,0,0,0,0
-10.896,2.773,0,0,0,0,0,0,0
-12.075,2.775,0,0,0,0,0,0,0
-13.254,2.758,0,0,0,0,0,0,0
-14.39,2.771,0,0,0,0,0,0,0
-15.471,2.747,0,0,0,0,0,0,0
-16.544,2.741,0,0,0,0,0,0,0
-17.655,2.738,0,0,0,0,0,0,0
-18.635,2.736,0,0,0,0,0,0,0
-19.67,2.727,0,0,0,0,0,0,0
-20.592,2.739,0,0,0,0,0,0,0
-21.5,2.707,0,0,0,0,0,0,0
-22.302,2.706,0,0,0,0,0,0,0
-23.192,2.688,0,0,0,0,0,0,0
-24.167,2.653,0,0,0,0,0,0,0
-25.141,2.646,0,0,0,0,0,0,0
-26.084,2.688,0,0,0,0,0,0,0
-26.867,2.682,0,0,0,0,0,0,0
-27.76,2.689,0,0,0,0,0,0,0
-28.741,2.678,0,0,0,0,0,0,0
-29.795,2.658,0,0,0,0,0,0,0
-30.801,2.679,0,0,0,0,0,0,0
-31.737,2.716,0,0,0,0,0,0,0
-32.761,2.752,0,0,0,0,0,0,0
-33.9,2.818,0,0,0,0,0,0,0
-34.729,2.837,0,0,0,0,0,0,0
-35.494,2.773,0,0,0,0,0,0,0
-36.564,2.784,0,0,0,0,0,0,0
-37.626,2.84,0,0,0,0,0,0,0
-38.42,2.839,0,0,0,0,0,0,0
-39.267,2.812,0,0,0,0,0,0,0
-40.169,2.796,0,0,0,0,0,0,0
-40.843,2.798,0,0,0,0,0,0,0
-41.561,2.798,0,0,0,0,0,0,0
-42.556,2.796,0,0,0,0,0,0,0
-43.678,2.803,0,0,0,0,0,0,0
-44.932,2.845,0,0,0,0,0,0,0
-45.961,2.848,0,0,0,0,0,0,0
-46.779,2.722,0,0,0,0,0,0,0
-46.968,2.391,0,0,0,0,0,0,0
-47.4,2.154,0,0,0,0,0,0,0
-48.065,2.076,0,0,0,0,0,0,0
-48.848,2.177,0,0,0,0,0,0,0
-49.816,2.271,0,0,0,0,0,0,0
-50.978,2.365,0,0,0,0,0,0,0
-52.076,2.379,0,0,0,0,0,0,0
-52.913,2.244,0,0,0,0,0,0,0
-54.051,2.287,0,0,0,0,0,0,0
-55.232,2.392,0,0,0,0,0,0,0
-56.073,2.459,0,0,0,0,0,0,0
-56.813,2.446,0,0,0,0,0,0,0
-57.633,2.449,0,0,0,0,0,0,0
-58.439,2.424,0,0,0,0,0,0,0
-59.323,2.458,0,0,0,0,0,0,0
-60.351,2.568,0,0,0,0,0,0,0
-61.328,2.726,0,0,0,0,0,0,0
-62.288,2.837,0,0,0,0,0,0,0
-62.995,2.903,0,0,0,0,0,0,0
-63.516,2.881,0,0,0,0,0,0,0
-64.367,2.921,0,0,0,0,0,0,0
-65.46,3.021,0,0,0,0,0,0,0
-66.363,3.023,0,0,0,0,0,0,0
-67.417,2.99,0,0,0,0,0,0,0
-68.413,3.01,0,0,0,0,0,0,0
-69.285,3.051,0,0,0,0,0,0,0
-70.155,3.049,0,0,0,0,0,0,0
-71.185,3.127,0,0,0,0,0,0,0
-71.983,3.201,0,0,0,0,0,0,0
-73.002,3.205,0,0,0,0,0,0,0
-73.824,3.077,0,0,0,0,0,0,0
-74.793,2.998,0,0,0,0,0,0,0
-75.874,2.867,0,0,0,0,0,0,0
-76.902,2.801,0,0,0,0,0,0,0
-78.035,2.867,0,0,0,0,0,0,0
-78.988,2.983,0,0,0,0,0,0,0
-80.339,3.078,0,0,0,0,0,0,0
-82.096,3.165,0,0,0,0,0,0,0
-84.026,3.294,0,0,0,0,0,0,0
-85.513,3.347,0,0,0,0,0,0,0
-82.32,3.291,0,0,0,0,0,0,0
-79.343,3.314,0,0,0,0,0,0,0
-76.957,3.29,0,0,0,0,0,0,0
-75.388,3.342,0,0,0,0,0,0,0
-74.388,3.421,0,0,0,0,0,0,0
-72.95,3.399,0,0,0,0,0,0,0
-70.769,3.28,0,0,0,0,0,0,0
-68.098,3.093,0,0,0,0,0,0,0
-65.503,2.862,0,0,0,0,0,0,0
-63.754,2.726,0,0,0,0,0,0,0
-62.799,2.642,0,0,0,0,0,0,0
-62.037,2.566,0,0,0,0,0,0,0
-61.203,2.529,0,0,0,0,0,0,0
-59.984,2.54,0,0,0,0,0,0,0
-58.326,2.541,0,0,0,0,0,0,0
-56.899,2.575,0,0,0,0,0,0,0
-56.526,2.631,0,0,0,0,0,0,0
-56.521,2.614,0,0,0,0,0,0,0
-56.014,2.561,0,0,0,0,0,0,0
-55.427,2.429,0,0,0,0,0,0,0
-54.46,2.414,0,0,0,0,0,0,0
-53.001,2.44,0,0,0,0,0,0,0
-52.036,2.4,0,0,0,0,0,0,0
-51.822,2.232,0,0,0,0,0,0,0
-51.672,1.993,0,0,0,0,0,0,0
-51.24,1.784,0,0,0,0,0,0,0
-50.605,1.612,0,0,0,0,0,0,0
-49.544,1.476,0,0,0,0,0,0,0
-48.199,1.369,0,0,0,0,0,0,0
-47.279,1.349,0,0,0,0,0,0,0
-47.177,1.306,0,0,0,0,0,0,0
-47.312,1.205,0,0,0,0,0,0,0
-47.672,1.038,0,0,0,0,0,0,0
-47.628,0.863,0,0,0,0,0,0,0
-47.386,0.691,0,0,0,0,0,0,0
-46.48,0.535,0,0,0,0,0,0,0
-45.88,0.492,0,0,0,0,0,0,0
-44.944,0.585,0,0,0,0,0,0,0
-43.775,0.733,0,0,0,0,0,0,0
-42.705,0.864,0,0,0,0,0,0,0
-41.639,1.026,0,0,0,0,0,0,0
-40.413,1.298,0,0,0,0,0,0,0
-39.064,1.645,0,0,0,0,0,0,0
-37.806,2.01,0,0,0,0,0,0,0
-36.583,2.385,0,0,0,0,0,0,0
-35.494,2.853,0,0,0,0,0,0,0
-34.817,3.24,0,0,0,0,0,0,0
-34.404,3.576,0,0,0,0,0,0,0
-33.856,4.04,0,0,0,0,0,0,0
-32.903,4.466,0,0,0,0,0,0,0
-31.473,4.853,0,0,0,0,0,0,0
-29.963,5.409,0,0,0,0,0,0,0
-28.967,5.832,0,0,0,0,0,0,0
-29.061,6.12,0,0,0,0,0,0,0
-29.585,6.565,0,0,0,0,0,0,0
-29.665,7.072,0,0,0,0,0,0,0
-29.175,7.515,0,0,0,0,0,0,0
-28.407,7.874,0,0,0,0,0,0,0
-27.785,8.107,0,0,0,0,0,0,0
-27.372,8.558,0,0,0,0,0,0,0
-26.514,9.158,0,0,0,0,0,0,0
-25.026,9.542,0,0,0,0,0,0,0
-23.895,9.832,0,0,0,0,0,0,0
-23.043,10.23,0,0,0,0,0,0,0
-21.892,10.703,0,0,0,0,0,0,0
-20.984,10.984,0,0,0,0,0,0,0
-20.416,11.276,0,0,0,0,0,0,0
-19.33,11.626,0,0,0,0,0,0,0
-18.267,11.907,0,0,0,0,0,0,0
-17.482,12.209,0,0,0,0,0,0,0
-16.694,12.572,0,0,0,0,0,0,0
-16.109,12.86,0,0,0,0,0,0,0
-15.92,13.125,0,0,0,0,0,0,0
-15.179,13.381,0,0,0,0,0,0,0
-14.129,13.657,0,0,0,0,0,0,0
-13.396,13.835,0,0,0,0,0,0,0
-12.81,14.023,0,0,0,0,0,0,0
-12.198,14.47,0,0,0,0,0,0,0
-11.427,14.998,0,0,0,0,0,0,0
-10.511,15.377,0,0,0,0,0,0,0
-9.99,15.576,0,0,0,0,0,0,0
-9.678,15.767,0,0,0,0,0,0,0
-9.428,16.127,0,0,0,0,0,0,0
-9.054,16.409,0,0,0,0,0,0,0
-8.574,16.604,0,0,0,0,0,0,0
-7.769,16.887,0,0,0,0,0,0,0
-7.293,17.195,0,0,0,0,0,0,0
-6.741,17.463,0,0,0,0,0,0,0
-6.58,17.656,0,0,0,0,0,0,0
-6.313,17.9,0,0,0,0,0,0,0
-6.142,18.177,0,0,0,0,0,0,0
-5.928,18.466,0,0,0,0,0,0,0
-5.674,18.841,0,0,0,0,0,0,0
-5.327,19.234,0,0,0,0,0,0,0
-5.155,19.632,0,0,0,0,0,0,0
-5.668,20.027,0,0,0,0,0,0,0
-6.432,20.569,0,0,0,0,0,0,0
-6.445,21.304,0,0,0,0,0,0,0
-6.203,21.937,0,0,0,0,0,0,0
-6.118,22.361,0,0,0,0,0,0,0
-5.695,22.764,0,0,0,0,0,0,0
-5.24,23.263,0,0,0,0,0,0,0
-4.577,23.803,0,0,0,0,0,0,0
-3.967,24.174,0,0,0,0,0,0,0
-3.437,24.374,0,0,0,0,0,0,0
-3.011,24.774,0,0,0,0,0,0,0
-2.608,25.1,0,0,0,0,0,0,0
-2.208,25.472,0,0,0,0,0,0,0
-1.626,25.936,0,0,0,0,0,0,0
-1.264,26.313,0,0,0,0,0,0,0
-1.048,26.737,0,0,0,0,0,0,0
-0.612,27.173,0,0,0,0,0,0,0
-0.093,27.618,0,0,0,0,0,0,0
0.217,28.036,0,0,0,0,0,0,0
0.348,28.27,0,0,0,0,0,0,0
0.624,28.628,0,0,0,0,0,0,0
1.134,29.086,0,0,0,0,0,0,0
1.493,29.462,0,0,0,0,0,0,0
1.552,29.773,0,0,0,0,0,0,0
1.466,30.043,0,0,0,0,0,0,0
1.499,30.405,0,0,0,0,0,0,0
1.861,30.867,0,0,0,0,0,0,0
2.326,31.315,0,0,0,0,0,0,0
2.699,31.711,0,0,0,0,0,0,0
2.841,31.983,0,0,0,0,0,0,0
3.017,32.297,0,0,0,0,0,0,0
3.37,32.634,0,0,0,0,0,0,0
3.718,32.942,0,0,0,0,0,0,0
3.76,33.138,0,0,0,0,0,0,0
3.803,33.347,0,0,0,0,0,0,0
4.045,33.664,0,0,0,0,0,0,0
4.619,34.263,0,0,0,0,0,0,0
4.881,34.718,0,0,0,0,0,0,0
4.906,35.006,0,0,0,0,0,0,0
4.849,35.325,0,0,0,0,0,0,0
4.924,35.604,0,0,0,0,0,0,0
5.263,36.044,0,0,0,0,0,0,0
5.546,36.458,0,0,0,0,0,0,0
5.793,36.83,0,0,0,0,0,0,0
6.144,37.151,0,0,0,0,0,0,0
6.374,37.464,0,0,0,0,0,0,0
6.255,37.672,0,0,0,0,0,0,0
6.436,37.909,0,0,0,0,0,0,0
6.721,38.204,0,0,0,0,0,0,0
6.825,38.409,0,0,0,0,0,0,0
6.875,38.632,0,0,0,0,0,0,0
6.904,38.781,0,0,0,0,0,0,0
6.822,38.946,0,0,0,0,0,0,0
6.921,39.215,0,0,0,0,0,0,0
6.838,39.393,0,0,0,0,0,0,0
6.872,39.495,0,0,0,0,0,0,0
6.839,39.614,0,0,0,0,0,0,0
7.044,39.897,0,0,0,0,0,0,0
7.116,40.203,0,0,0,0,0,0,0
7.225,40.522,0,0,0,0,0,0,0
7.326,40.92,0,0,0,0,0,0,0
7.734,41.205,0,0,0,0,0,0,0
7.761,41.479,0,0,0,0,0,0,0
7.778,41.809,0,0,0,0,0,0,0
7.538,42.035,0,0,0,0,0,0,0
7.696,42.399,0,0,0,0,0,0,0
8.244,42.986,0,0,0,0,0,0,0
8.522,43.462,0,0,0,0,0,0,0
8.112,43.698,0,0,0,0,0,0,0
7.314,43.85,0,0,0,0,0,0,0
6.354,43.866,0,0,0,0,0,0,0
5.679,44.087,0,0,0,0,0,0,0
5.548,44.378,0,0,0,0,0,0,0
5.505,44.757,0,0,0,0,0,0,0
5.337,45.132,0,0,0,0,0,0,0
5.502,45.41,0,0,0,0,0,0,0
5.295,45.674,0,0,0,0,0,0,0
4.838,45.764,0,0,0,0,0,0,0
4.596,45.919,0,0,0,0,0,0,0
4.496,46.169,0,0,0,0,0,0,0
4.604,46.534,0,0,0,0,0,0,0
4.472,46.862,0,0,0,0,0,0,0
4.437,47.166,0,0,0,0,0,0,0
4.325,47.537,0,0,0,0,0,0,0
4.067,47.842,0,0,0,0,0,0,0
3.989,48.096,0,0,0,0,0,0,0
4.173,48.413,0,0,0,0,0,0,0
4.433,48.772,0,0,0,0,0,0,0
4.906,49.2,0,0,0,0,0,0,0
5.319,49.561,0,0,0,0,0,0,0
5.572,49.86,0,0,0,0,0,0,0
5.834,50.168,0,0,0,0,0,0,0
6.073,50.438,0,0,0,0,0,0,0
6.424,50.752,0,0,0,0,0,0,0
7.105,51.09,0,0,0,0,0,0,0
7.829,51.564,0,0,0,0,0,0,0
8.296,51.958,0,0,0,0,0,0,0
8.392,52.074,0,0,0,0,0,0,0
8.425,52.136,0,0,0,0,0,0,0
8.45,52.281,0,0,0,0,0,0,0
8.656,52.501,0,0,0,0,0,0,0
8.668,52.701,0,0,0,0,0,0,0
8.742,52.855,0,0,0,0,0,0,0
8.87,52.958,0,0,0,0,0,0,0
8.794,53.02,0,0,0,0,0,0,0
8.457,53.095,0,0,0,0,0,0,0
8.286,53.23,0,0,0,0,0,0,0
8.264,53.452,0,0,0,0,0,0,0
8.271,53.696,0,0,0,0,0,0,0
8.436,53.907,0,0,0,0,0,0,0
8.695,54.067,0,0,0,0,0,0,0
8.667,54.083,0,0,0,0,0,0,0
8.608,54.057,0,0,0,0,0,0,0
8.612,54.078,0,0,0,0,0,0,0
8.47,53.963,0,0,0,0,0,0,0
8.348,53.866,0,0,0,0,0,0,0
8.206,53.734,0,0,0,0,0,0,0
8.227,53.582,0,0,0,0,0,0,0
8.128,53.401,0,0,0,0,0,0,0
8.109,53.289,0,0,0,0,0,0,0
8.098,53.124,0,0,0,0,0,0,0
8.022,52.962,0,0,0,0,0,0,0
7.93,52.805,0,0,0,0,0,0,0
7.789,52.651,0,0,0,0,0,0,0
7.833,52.572,0,0,0,0,0,0,0
7.904,52.58,0,0,0,0,0,0,0
8.05,52.601,0,0,0,0,0,0,0
8.155,52.702,0,0,0,0,0,0,0
8.326,52.796,0,0,0,0,0,0,0
8.452,52.857,0,0,0,0,0,0,0
8.529,52.905,0,0,0,0,0,0,0
8.518,52.878,0,0,0,0,0,0,0
8.468,52.813,0,0,0,0,0,0,0
8.415,52.796,0,0,0,0,0,0,0
8.33,52.792,0,0,0,0,0,0,0
8.258,52.836,0,0,0,0,0,0,0
8.105,52.817,0,0,0,0,0,0,0
7.932,52.838,0,0,0,0,0,0,0
7.859,52.916,0,0,0,0,0,0,0
7.911,52.995,0,0,0,0,0,0,0
7.952,53.155,0,0,0,0,0,0,0
8.219,53.287,0,0,0,0,0,0,0
8.524,53.471,0,0,0,0,0,0,0
8.755,53.709,0,0,0,0,0,0,0
8.864,53.899,0,0,0,0,0,0,0
9.139,54.087,0,0,0,0,0,0,0
9.496,54.328,0,0,0,0,0,0,0
9.626,54.53,0,0,0,0,0,0,0
9.651,54.608,0,0,0,0,0,0,0
9.421,54.741,0,0,0,0,0,0,0
9.202,54.895,0,0,0,0,0,0,0
9.246,55.011,0,0,0,0,0,0,0
9.574,55.275,0,0,0,0,0,0,0
9.76,55.478,0,0,0,0,0,0,0
9.597,55.575,0,0,0,0,0,0,0
9.569,55.733,0,0,0,0,0,0,0
9.599,55.976,0,0,0,0,0,0,0
9.667,56.185,0,0,0,0,0,0,0
9.906,56.375,0,0,0,0,0,0,0
10.111,56.677,0,0,0,0,0,0,0
10.033,56.978,0,0,0,0,0,0,0
9.761,57.166,0,0,0,0,0,0,0
9.617,57.35,0,0,0,0,0,0,0
9.51,57.574,0,0,0,0,0,0,0
9.586,57.881,0,0,0,0,0,0,0
9.881,58.157,0,0,0,0,0,0,0
10.188,58.462,0,0,0,0,0,0,0
10.381,58.693,0,0,0,0,0,0,0
10.939,59.17,0,0,0,0,0,0,0
10.786,59.227,0,0,0,0,0,0,0
10.603,59.395,0,0,0,0,0,0,0
10.763,59.536,0,0,0,0,0,0,0
10.859,59.867,0,0,0,0,0,0,0
10.798,60.021,0,0,0,0,0,0,0
10.997,60.142,0,0,0,0,0,0,0
11.111,60.299,0,0,0,0,0,0,0
11.002,60.333,0,0,0,0,0,0,0
10.925,60.466,0,0,0,0,0,0,0
11.034,60.606,0,0,0,0,0,0,0
11.065,60.717,0,0,0,0,0,0,0
10.885,60.689,0,0,0,0,0,0,0
10.958,60.77,0,0,0,0,0,0,0
11.13,60.921,0,0,0,0,0,0,0
11.399,61.078,0,0,0,0,0,0,0
11.392,61.138,0,0,0,0,0,0,0
11.541,61.238,0,0,0,0,0,0,0
11.562,61.279,0,0,0,0,0,0,0
11.364,61.215,0,0,0,0,0,0,0
11.147,61.113,0,0,0,0,0,0,0
11.174,61.086,0,0,0,0,0,0,0
11.268,60.978,0,0,0,0,0,0,0
11.301,60.998,0,0,0,0,0,0,0
11.21,61.006,0,0,0,0,0,0,0
11.327,60.96,0,0,0,0,0,0,0
11.548,60.958,0,0,0,0,0,0,0
11.656,60.977,0,0,0,0,0,0,0
11.574,60.868,0,0,0,0,0,0,0
11.685,60.779,0,0,0,0,0,0,0
11.665,60.804,0,0,0,0,0,0,0
11.567,60.746,0,0,0,0,0,0,0
11.503,60.635,0,0,0,0,0,0,0
11.634,60.578,0,0,0,0,0,0,0
11.591,60.436,0,0,0,0,0,0,0
11.675,60.306,0,0,0,0,0,0,0
11.577,60.109,0,0,0,0,0,0,0
11.322,59.918,0,0,0,0,0,0,0
11.269,59.704,0,0,0,0,0,0,0
11.29,59.539,0,0,0,0,0,0,0
11.225,59.2,0,0,0,0,0,0,0
11.185,59.024,0,0,0,0,0,0,0
11.216,58.796,0,0,0,0,0,0,0
11.117,58.376,0,0,0,0,0,0,0
11.271,57.826,0,0,0,0,0,0,0
11.149,57.295,0,0,0,0,0,0,0
11.216,56.875,0,0,0,0,0,0,0
11.273,56.387,0,0,0,0,0,0,0
11.073,55.736,0,0,0,0,0,0,0
10.366,54.42,0,0,0,0,0,0,0
9.803,53.185,0,0,0,0,0,0,0
9.344,52.388,0,0,0,0,0,0,0
8.946,51.539,0,0,0,0,0,0,0
8.779,50.645,0,0,0,0,0,0,0
8.36,49.814,0,0,0,0,0,0,0
7.826,49.013,0,0,0,0,0,0,0
7.397,48.198,0,0,0,0,0,0,0
7.494,47.388,0,0,0,0,0,0,0
7.611,46.625,0,0,0,0,0,0,0
7.243,45.906,0,0,0,0,0,0,0
6.673,45.001,0,0,0,0,0,0,0
6.644,44.152,0,0,0,0,0,0,0
6.839,43.354,0,0,0,0,0,0,0
7.137,42.652,0,0,0,0,0,0,0
7.404,41.999,0,0,0,0,0,0,0
7.397,41.18,0,0,0,0,0,0,0
6.543,39.976,0,0,0,0,0,0,0
5.724,38.901,0,0,0,0,0,0,0
5.787,37.842,0,0,0,0,0,0,0
5.538,36.151,0,0,0,0,0,0,0
5.54,34.025,0,0,0,0,0,0,0
5.681,31.961,0,0,0,0,0,0,0
5.833,30.119,0,0,0,0,0,0,0
5.732,28.274,0,0,0,0,0,0,0
4.716,26.652,0,0,0,0,0,0,0
4.068,25.063,0,0,0,0,0,0,0
4.077,23.766,0,0,0,0,0,0,0
3.81,22.584,0,0,0,0,0,0,0
3.497,21.553,0,0,0,0,0,0,0
3.003,20.393,0,0,0,0,0,0,0
2.609,19.247,0,0,0,0,0,0,0
2.303,18.16,0,0,0,0,0,0,0
2.326,17.134,0,0,0,0,0,0,0
2.403,16.341,0,0,0,0,0,0,0
2.193,15.487,0,0,0,0,0,0,0
1.618,14.709,0,0,0,0,0,0,0
1.352,14.202,0,0,0,0,0,0,0
1.098,13.557,0,0,0,0,0,0,0
0.726,12.787,0,0,0,0,0,0,0
0.389,12.129,0,0,0,0,0,0,0
0.373,11.579,0,0,0,0,0,0,0
0.232,11.086,0,0,0,0,0,0,0
0.012,10.364,0,0,0,0,0,0,0
-0.256,9.51,0,0,0,0,0,0,0
-0.202,8.703,0,0,0,0,0,0,0
-0.368,7.973,0,0,0,0,0,0,0
-0.532,7.283,0,0,0,0,0,0,0
-0.698,6.557,0,0,0,0,0,0,0
-0.811,5.899,0,0,0,0,0,0,0
-0.708,5.334,0,0,0,0,0,0,0
0.183,4.624,0,0,0,0,0,0,0
1.09,3.868,0,0,0,0,0,0,0
1.726,3.132,0,0,0,0,0,0,0
1.911,2.478,0,0,0,0,0,0,0
2.011,1.829,0,0,0,0,0,0,0
2.427,1.215,0,0,0,0,0,0,0
3.27,0.716,0,0,0,0,0,0,0
4.2,0.347,0,0,0,0,0,0,0
4.792,0.143,0,0,0,0,0,0,0
4.861,-0.33,0,0,0,0,0,0,0
4.574,-0.826,0,0,0,0,0,0,0
4.233,-1.265,0,0,0,0,0,0,0
4.207,-1.501,0,0,0,0,0,0,0
4.117,-1.583,0,0,0,0,0,0,0
4.194,-1.633,0,0,0,0,0,0,0
4.283,-1.79,0,0,0,0,0,0,0
4.149,-2.08,0,0,0,0,0,0,0
4.007,-2.236,0,0,0,0,0,0,0
3.984,-2.382,0,0,0,0,0,0,0
4.217,-2.528,0,0,0,0,0,0,0
4.523,-2.631,0,0,0,0,0,0,0
4.693,-2.901,0,0,0,0,0,0,0
4.765,-3.149,0,0,0,0,0,0,0
4.64,-3.376,0,0,0,0,0,0,0
4.641,-3.771,0,0,0,0,0,0,0
4.981,-4.142,0,0,0,0,0,0,0
5.166,-4.579,0,0,0,0,0,0,0
5.598,-4.983,0,0,0,0,0,0,0
6.009,-5.396,0,0,0,0,0,0,0
6.199,-5.749,0,0,0,0,0,0,0
5.96,-6.138,0,0,0,0,0,0,0
5.681,-6.622,0,0,0,0,0,0,0
5.529,-6.966,0,0,0,0,0,0,0
5.502,-7.196,0,0,0,0,0,0,0
5.522,-7.554,0,0,0,0,0,0,0
5.304,-7.781,0,0,0,0,0,0,0
5.017,-7.96,0,0,0,0,0,0,0
4.802,-8.233,0,0,0,0,0,0,0
4.699,-8.421,0,0,0,0,0,0,0
4.685,-8.651,0,0,0,0,0,0,0
4.565,-9.104,0,0,0,0,0,0,0
4.353,-9.56,0,0,0,0,0,0,0
4.119,-10.051,0,0,0,0,0,0,0
4.042,-10.35,0,0,0,0,0,0,0
4.085,-10.622,0,0,0,0,0,0,0
4.255,-10.874,0,0,0,0,0,0,0
4.579,-11.138,0,0,0,0,0,0,0
4.807,-11.329,0,0,0,0,0,0,0
4.881,-11.603,0,0,0,0,0,0,0
5.014,-11.87,0,0,0,0,0,0,0
5.257,-11.937,0,0,0,0,0,0,0
5.331,-12.156,0,0,0,0,0,0,0
5.211,-12.487,0,0,0,0,0,0,0
5.036,-12.694,0,0,0,0,0,0,0
5.029,-12.843,0,0,0,0,0,0,0
5.169,-12.998,0,0,0,0,0,0,0
5.143,-13.243,0,0,0,0,0,0,0
5.088,-13.555,0,0,0,0,0,0,0
5.065,-13.804,0,0,0,0,0,0,0
5.227,-14.089,0,0,0,0,0,0,0
5.222,-14.41,0,0,0,0,0,0,0
5.204,-14.745,0,0,0,0,0,0,0
5.155,-15.095,0,0,0,0,0,0,0
5.136,-15.4,0,0,0,0,0,0,0
5.201,-15.617,0,0,0,0,0,0,0
5.317,-15.816,0,0,0,0,0,0,0
5.344,-16.064,0,0,0,0,0,0,0
5.525,-16.326,0,0,0,0,0,0,0
5.806,-16.499,0,0,0,0,0,0,0
6.204,-16.533,0,0,0,0,0,0,0
6.623,-16.489,0,0,0,0,0,0,0
6.901,-16.647,0,0,0,0,0,0,0
6.931,-16.973,0,0,0,0,0,0,0
6.921,-17.398,0,0,0,0,0,0,0
6.921,-17.719,0,0,0,0,0,0,0
6.951,-17.873,0,0,0,0,0,0,0
7.03,-17.991,0,0,0,0,0,0,0
7.144,-18.214,0,0,0,0,0,0,0
7.15,-18.557,0,0,0,0,0,0,0
7.189,-18.852,0,0,0,0,0,0,0
7.199,-19.029,0,0,0,0,0,0,0
7.299,-19.173,0,0,0,0,0,0,0
7.492,-19.346,0,0,0,0,0,0,0
7.567,-19.61,0,0,0,0,0,0,0
7.54,-19.875,0,0,0,0,0,0,0
7.461,-20.018,0,0,0,0,0,0,0
7.403,-20.097,0,0,0,0,0,0,0
7.251,-20.174,0,0,0,0,0,0,0
7.114,-20.531,0,0,0,0,0,0,0
7.114,-20.893,0,0,0,0,0,0,0
7.093,-21.204,0,0,0,0,0,0,0
6.924,-21.426,0,0,0,0,0,0,0
6.773,-21.661,0,0,0,0,0,0,0
6.741,-21.931,0,0,0,0,0,0,0
6.853,-22.219,0,0,0,0,0,0,0
6.9,-22.537,0,0,0,0,0,0,0
6.923,-22.779,0,0,0,0,0,0,0
6.892,-23.016,0,0,0,0,0,0,0
7.125,-23.322,0,0,0,0,0,0,0
7.655,-23.581,0,0,0,0,0,0,0
8.505,-23.88,0,0,0,0,0,0,0
9.097,-24.123,0,0,0,0,0,0,0
9.515,-24.442,0,0,0,0,0,0,0
9.474,-24.91,0,0,0,0,0,0,0
9.137,-25.32,0,0,0,0,0,0,0
9.16,-25.621,0,0,0,0,0,0,0
9.156,-25.928,0,0,0,0,0,0,0
9.109,-26.304,0,0,0,0,0,0,0
8.984,-26.586,0,0,0,0,0,0,0
8.947,-26.85,0,0,0,0,0,0,0
8.781,-27.12,0,0,0,0,0,0,0
8.51,-27.528,0,0,0,0,0,0,0
8.185,-27.888,0,0,0,0,0,0,0
8.012,-28.037,0,0,0,0,0,0,0
7.711,-28.192,0,0,0,0,0,0,0
7.648,-28.427,0,0,0,0,0,0,0
7.465,-28.814,0,0,0,0,0,0,0
7.193,-29.172,0,0,0,0,0,0,0
6.972,-29.328,0,0,0,0,0,0,0
6.79,-29.489,0,0,0,0,0,0,0
6.817,-29.752,0,0,0,0,0,0,0
6.793,-30.049,0,0,0,0,0,0,0
6.954,-30.282,0,0,0,0,0,0,0
7.184,-30.475,0,0,0,0,0,0,0
7.227,-30.644,0,0,0,0,0,0,0
7.17,-30.938,0,0,0,0,0,0,0
7.104,-31.155,0,0,0,0,0,0,0
7.084,-31.171,0,0,0,0,0,0,0
7.245,-31.163,0,0,0,0,0,0,0
7.432,-31.342,0,0,0,0,0,0,0
7.467,-31.46,0,0,0,0,0,0,0
7.432,-31.561,0,0,0,0,0,0,0
7.473,-31.69,0,0,0,0,0,0,0
7.385,-31.818,0,0,0,0,0,0,0
7.299,-31.915,0,0,0,0,0,0,0
7.337,-32.037,0,0,0,0,0,0,0
7.388,-32.035,0,0,0,0,0,0,0
7.368,-32.114,0,0,0,0,0,0,0
7.141,-32.222,0,0,0,0,0,0,0
7.038,-32.306,0,0,0,0,0,0,0
6.998,-32.337,0,0,0,0,0,0,0
7.251,-32.353,0,0,0,0,0,0,0
7.56,-32.404,0,0,0,0,0,0,0
7.721,-32.538,0,0,0,0,0,0,0
7.861,-32.798,0,0,0,0,0,0,0
7.801,-33.031,0,0,0,0,0,0,0
7.811,-33.097,0,0,0,0,0,0,0
8.01,-33.214,0,0,0,0,0,0,0
8.195,-33.408,0,0,0,0,0,0,0
8.17,-33.692,0,0,0,0,0,0,0
8.079,-33.741,0,0,0,0,0,0,0
8.117,-33.701,0,0,0,0,0,0,0
8.15,-33.763,0,0,0,0,0,0,0
8.11,-33.957,0,0,0,0,0,0,0
8.257,-34.16,0,0,0,0,0,0,0
8.396,-34.353,0,0,0,0,0,0,0
8.525,-34.486,0,0,0,0,0,0,0
8.651,-34.595,0,0,0,0,0,0,0
8.83,-34.777,0,0,0,0,0,0,0
9.1,-35.107,0,0,0,0,0,0,0
9.372,-35.565,0,0,0,0,0,0,0
9.477,-36.013,0,0,0,0,0,0,0
9.573,-36.32,0,0,0,0,0,0,0
9.733,-36.611,0,0,0,0,0,0,0
9.96,-36.921,0,0,0,0,0,0,0
10.169,-37.351,0,0,0,0,0,0,0
10.282,-37.912,0,0,0,0,0,0,0
10.46,-38.186,0,0,0,0,0,0,0
10.613,-38.323,0,0,0,0,0,0,0
10.78,-38.33,0,0,0,0,0,0,0
10.811,-38.539,0,0,0,0,0,0,0
10.72,-39.205,0,0,0,0,0,0,0
10.207,-39.628,0,0,0,0,0,0,0
9.855,-39.734,0,0,0,0,0,0,0
9.92,-39.988,0,0,0,0,0,0,0
9.871,-40.415,0,0,0,0,0,0,0
9.662,-41.066,0,0,0,0,0,0,0
9.595,-41.617,0,0,0,0,0,0,0
9.567,-41.645,0,0,0,0,0,0,0
9.711,-41.557,0,0,0,0,0,0,0
9.868,-41.728,0,0,0,0,0,0,0
9.651,-42.088,0,0,0,0,0,0,0
9.469,-42.412,0,0,0,0,0,0,0
9.243,-42.462,0,0,0,0,0,0,0
9.047,-42.473,0,0,0,0,0,0,0
8.902,-42.605,0,0,0,0,0,0,0
8.802,-42.932,0,0,0,0,0,0,0
8.72,-43.225,0,0,0,0,0,0,0
8.754,-43.399,0,0,0,0,0,0,0
8.792,-43.425,0,0,0,0,0,0,0
8.827,-43.522,0,0,0,0,0,0,0
8.945,-43.656,0,0,0,0,0,0,0
9.181,-43.856,0,0,0,0,0,0,0
9.496,-44.087,0,0,0,0,0,0,0
9.412,-44.28,0,0,0,0,0,0,0
9.165,-44.412,0,0,0,0,0,0,0
9.121,-44.576,0,0,0,0,0,0,0
9.095,-44.818,0,0,0,0,0,0,0
9.247,-45.131,0,0,0,0,0,0,0
9.325,-45.427,0,0,0,0,0,0,0
9.342,-45.646,0,0,0,0,0,0,0
9.411,-45.83,0,0,0,0,0,0,0
9.521,-46.014,0,0,0,0,0,0,0
9.637,-46.247,0,0,0,0,0,0,0
9.752,-46.584,0,0,0,0,0,0,0
9.779,-46.998,0,0,0,0,0,0,0
9.666,-47.362,0,0,0,0,0,0,0
9.633,-47.631,0,0,0,0,0,0,0
9.684,-47.899,0,0,0,0,0,0,0
9.885,-48.154,0,0,0,0,0,0,0
10.055,-48.394,0,0,0,0,0,0,0
10.006,-48.63,0,0,0,0,0,0,0
9.969,-48.884,0,0,0,0,0,0,0
10.051,-49.063,0,0,0,0,0,0,0
10.168,-49.2,0,0,0,0,0,0,0
10.21,-49.386,0,0,0,0,0,0,0
10.15,-49.65,0,0,0,0,0,0,0
10.078,-49.91,0,0,0,0,0,0,0
10.128,-50.207,0,0,0,0,0,0,0
10.083,-50.395,0,0,0,0,0,0,0
10.028,-50.55,0,0,0,0,0,0,0
10.086,-50.754,0,0,0,0,0,0,0
10.199,-51.066,0,0,0,0,0,0,0
10.231,-51.382,0,0,0,0,0,0,0
10.306,-51.609,0,0,0,0,0,0,0
10.449,-51.763,0,0,0,0,0,0,0
10.546,-51.927,0,0,0,0,0,0,0
10.591,-52.148,0,0,0,0,0,0,0
10.692,-52.34,0,0,0,0,0,0,0
10.893,-52.504,0,0,0,0,0,0,0
11.241,-52.737,0,0,0,0,0,0,0
11.45,-52.992,0,0,0,0,0,0,0
11.577,-53.332,0,0,0,0,0,0,0
11.595,-53.762,0,0,0,0,0,0,0
11.584,-54.13,0,0,0,0,0,0,0
11.771,-54.324,0,0,0,0,0,0,0
12.195,-54.495,0,0,0,0,0,0,0
12.806,-54.78,0,0,0,0,0,0,0
13.057,-55.14,0,0,0,0,0,0,0
13.118,-55.399,0,0,0,0,0,0,0
13.123,-55.647,0,0,0,0,0,0,0
12.935,-55.881,0,0,0,0,0,0,0
12.956,-56.046,0,0,0,0,0,0,0
13.152,-56.262,0,0,0,0,0,0,0
13.204,-56.491,0,0,0,0,0,0,0
13.32,-56.677,0,0,0,0,0,0,0
13.507,-56.872,0,0,0,0,0,0,0
13.489,-57.095,0,0,0,0,0,0,0
13.427,-57.31,0,0,0,0,0,0,0
13.507,-57.456,0,0,0,0,0,0,0
13.737,-57.671,0,0,0,0,0,0,0
13.87,-57.944,0,0,0,0,0,0,0
13.974,-58.208,0,0,0,0,0,0,0
14.189,-58.359,0,0,0,0,0,0,0
14.371,-58.579,0,0,0,0,0,0,0
14.444,-58.822,0,0,0,0,0,0,0
14.471,-59.05,0,0,0,0,0,0,0
14.503,-59.34,0,0,0,0,0,0,0
14.491,-59.603,0,0,0,0,0,0,0
14.388,-59.744,0,0,0,0,0,0,0
14.26,-59.853,0,0,0,0,0,0,0
14.255,-59.999,0,0,0,0,0,0,0
14.254,-60.254,0,0,0,0,0,0,0
14.264,-60.464,0,0,0,0,0,0,0
14.386,-60.577,0,0,0,0,0,0,0
14.481,-60.742,0,0,0,0,0,0,0
14.51,-60.956,0,0,0,0,0,0,0
14.476,-61.201,0,0,0,0,0,0,0
14.649,-61.401,0,0,0,0,0,0,0
14.697,-61.595,0,0,0,0,0,0,0
14.836,-61.709,0,0,0,0,0,0,0
15.08,-61.801,0,0,0,0,0,0,0
15.261,-61.907,0,0,0,0,0,0,0
15.367,-62.018,0,0,0,0,0,0,0
15.539,-62.201,0,0,0,0,0,0,0
15.604,-62.395,0,0,0,0,0,0,0
15.783,-62.612,0,0,0,0,0,0,0
15.995,-62.848,0,0,0,0,0,0,0
16.11,-63.012,0,0,0,0,0,0,0
16.54,-63.251,0,0,0,0,0,0,0
16.88,-63.548,0,0,0,0,0,0,0
16.95,-63.791,0,0,0,0,0,0,0
17.173,-63.966,0,0,0,0,0,0,0
17.708,-64.128,0,0,0,0,0,0,0
18.315,-64.268,0,0,0,0,0,0,0
18.909,-64.752,0,0,0,0,0,0,0
19.468,-65.316,0,0,0,0,0,0,0
19.903,-65.87,0,0,0,0,0,0,0
19.83,-66.265,0,0,0,0,0,0,0
19.808,-66.36,0,0,0,0,0,0,0
19.762,-66.343,0,0,0,0,0,0,0
19.744,-66.442,0,0,0,0,0,0,0
19.828,-66.681,0,0,0,0,0,0,0
20.001,-66.874,0,0,0,0,0,0,0
20.129,-67.008,0,0,0,0,0,0,0
20.357,-67.142,0,0,0,0,0,0,0
20.443,-67.404,0,0,0,0,0,0,0
20.544,-67.681,0,0,0,0,0,0,0
20.614,-67.963,0,0,0,0,0,0,0
20.728,-68.221,0,0,0,0,0,0,0
21.077,-68.43,0,0,0,0,0,0,0
21.332,-68.648,0,0,0,0,0,0,0
21.661,-68.825,0,0,0,0,0,0,0
21.827,-69.001,0,0,0,0,0,0,0
22.023,-69.259,0,0,0,0,0,0,0
22.24,-69.524,0,0,0,0,0,0,0
22.643,-69.9,0,0,0,0,0,0,0
23.004,-70.472,0,0,0,0,0,0,0
23.266,-70.895,0,0,0,0,0,0,0
23.607,-71.117,0,0,0,0,0,0,0
23.863,-71.414,0,0,0,0,0,0,0
23.964,-71.776,0,0,0,0,0,0,0
24.212,-72.108,0,0,0,0,0,0,0
24.538,-72.469,0,0,0,0,0,0,0
24.707,-72.784,0,0,0,0,0,0,0
25.082,-73.029,0,0,0,0,0,0,0
25.302,-73.34,0,0,0,0,0,0,0
25.567,-73.668,0,0,0,0,0,0,0
25.848,-73.883,0,0,0,0,0,0,0
25.833,-74.056,0,0,0,0,0,0,0
25.938,-74.075,0,0,0,0,0,0,0
25.931,-74.112,0,0,0,0,0,0,0
25.871,-74.201,0,0,0,0,0,0,0
26.139,-74.301,0,0,0,0,0,0,0
26.441,-74.37,0,0,0,0,0,0,0
26.965,-74.427,0,0,0,0,0,0,0
27.4,-74.464,0,0,0,0,0,0,0
28.001,-74.527,0,0,0,0,0,0,0
28.547,-74.663,0,0,0,0,0,0,0
29.039,-74.914,0,0,0,0,0,0,0
29.474,-75.141,0,0,0,0,0,0,0
29.786,-75.394,0,0,0,0,0,0,0
29.91,-75.576,0,0,0,0,0,0,0
30.493,-75.663,0,0,0,0,0,0,0
31.791,-75.798,0,0,0,0,0,0,0
33.263,-76.131,0,0,0,0,0,0,0
34.251,-76.554,0,0,0,0,0,0,0
34.777,-76.949,0,0,0,0,0,0,0
35.349,-76.949,0,0,0,0,0,0,0
35.349,-76.949,0,0,0,0,0,0,0
35.349,-76.949,0,0,0,0,0,0,0
35.349,-76.949,0,0,0,0,0,0,0
35.349,-76.949,0,0,0,0,0,0,0
35.349,-76.949,0,0,0,0,0,0,0
35.349,-76.949,0,0,0,0,0,0,0
35.349,-76.949,0,0,0,0,0,0,0
35.349,-76.949,0,0,0,0,0,0,0
35.349,-76.949,0,0,0,0,0,0,0
35.349,-76.949,0,0,0,0,0,0,0
35.349,-76.949,0,0,0,0,0,0,0
35.349,-76.949,0,0,0,0,0,0,0
35.349,-76.949,0,0,0,0,0,0,0
35.349,-76.949,0,0,0,0,0,0,0
35.349,-76.949,0,0,0,0,0,0,0
35.349,-76.949,0,0,0,0,0,0,0
35.349,-76.949,0,0,0,0,0,0,0
35.349,-76.949,0,0,0,0,0,0,0
35.349,-76.949,0,0,0,0,0,0,0
35.349,-76.949,0,0,0,0,0,0,0
35.349,-76.949,0,0,0,0,0,0,0
35.349,-76.949,0,0,0,0,0,0,0
35.349,-76.949,0,0,0,0,0,0,0
35.349,-76.949,0,0,0,0,0,0,0
35.349,-76.949,0,0,0,0,0,0,0
35.349,-76.949,0,0,0,0,0,0,0
35.349,-76.949,0,0,0,0,0,0,0
35.349,-76.949,0,0,0,0,0,0,0
35.349,-76.949,0,0,0,0,0,0,0
35.349,-76.949,0,0,0,0,0,0,0
35.349,-76.949,0,0,0,0,0,0,0
35.349,-76.949,0,0,0,0,0,0,0
35.349,-76.949,0,0,0,0,0,0,0
35.349,-76.949,0,0,0,0,0,0,0
35.349,-76.949,0,0,0,0,0,0,0
35.349,-76.949,0,0,0,0,0,0,0
35.349,-76.949,0,0,0,0,0,0,0
35.349,-76.949,0,0,0,0,0,0,0
35.349,-76.949,0,0,0,0,0,0,0
35.349,-76.949,0,0,0,0,0,0,0
35.349,-76.949,0,0,0,0,0,0,0
35.349,-76.949,0,0,0,0,0,0,0
35.349,-76.949,0,0,0,0,0,0,0
35.349,-76.949,0,0,0,0,0,0,0
35.349,-76.949,0,0,0,0,0,0,0
35.349,-76.949,0,0,0,0,0,0,0
35.349,-76.949,0,0,0,0,0,0,0
35.349,-76.949,0,0,0,0,0,0,0
35.349,-76.949,0,0,0,0,0,0,0
35.349,-76.949,0,0,0,0,0,0,0
35.349,-76.949,0,0,0,0,0,0,0
35.349,-76.949,0,0,0,0,0,0,0
35.349,-76.949,0,0,0,0,0,0,0
35.349,-76.949,0,0,0,0,0,0,0
35.349,-76.949,0,0,0,0,0,0,0
35.349,-76.949,0,0,0,0,0,0,0
35.349,-76.949,0,0,0,0,0,0,0
35.349,-76.949,0,0,0,0,0,0,0
35.349,-76.949,0,0,0,0,0,0,0
35.349,-76.949,0,0,0,0,0,0,0
35.349,-76.949,0,0,0,0,0,0,0
35.349,-76.949,0,0,0,0,0,0,0
35.349,-76.949,0,0,0,0,0,0,0
35.349,-76.949,0,0,0,0,0,0,0
35.349,-76.949,0,0,0,0,0,0,0
35.349,-76.949,0,0,0,0,0,0,0
35.349,-76.949,0,0,0,0,0,0,0
35.349,-76.949,0,0,0,0,0,0,0
35.349,-76.949,0,0,0,0,0,0,0
35.349,-76.949,0,0,0,0,0,0,0
35.349,-76.949,0,0,0,0,0,0,0
35.349,-76.949,0,0,0,0,0,0,0
35.349,-76.949,0,0,0,0,0,0,0
35.349,-76.949,0,0,0,0,0,0,0
35.349,-76.949,0,0,0,0,0,0,0
35.349,-76.949,0,0,0,0,0,0,0
35.349,-76.949,0,0,0,0,0,0,0
35.349,-76.949,0,0,0,0,0,0,0
35.349,-76.949,0,0,0,0,0,0,0
35.349,-76.949,0,0,0,0,0,0,0
35.349,-76.949,0,0,0,0,0,0,0
35.349,-76.949,0,0,0,0,0,0,0
35.349,-76.949,0,0,0,0,0,0,0
35.349,-76.949,0,0,0,0,0,0,0
35.349,-76.949,0,0,0,0,0,0,0
35.349,-76.949,0,0,0,0,0,0,0
35.349,-76.949,0,0,0,0,0,0,0
35.349,-76.949,0,0,0,0,0,0,0
35.349,-76.949,0,0,0,0,0,0,0
35.349,-76.949,0,0,0,0,0,0,0
35.349,-76.949,0,0,0,0,0,0,0
35.349,-76.949,0,0,0,0,0,0,0
35.349,-76.949,0,0,0,0,0,0,0
35.349,-76.949,0,0,0,0,0,0,0
35.349,-76.949,0,0,0,0,0,0,0
35.349,-76.949,0,0,0,0,0,0,0
35.349,-76.949,0,0,0,0,0,0,0
35.349,-76.949,0,0,0,0,0,0,0
35.349,-76.949,0,0,0,0,0,0,0
35.349,-76.949,0,0,0,0,0,0,0
35.349,-76.949,0,0,0,0,0,0,0
35.349,-76.949,0,0,0,0,0,0,0
35.349,-76.949,0,0,0,0,0,0,0
35.349,-76.949,0,0,0,0,0,0,0
35.349,-76.949,0,0,0,0,0,0,0
35.349,-76.949,0,0,0,0,0,0,0
35.349,-76.949,0,0,0,0,0,0,0
35.349,-76.949,0,0,0,0,0,0,0
35.349,-76.949,0,0,0,0,0,0,0
35.349,-76.949,0,0,0,0,0,0,0
35.349,-76.949,0,0,0,0,0,0,0
35.349,-76.949,0,0,0,0,0,0,0
35.349,-76.949,0,0,0,0,0,0,0
35.349,-76.949,0,0,0,0,0,0,0
35.349,-76.949,0,0,0,0,0,0,0
35.349,-76.949,0,0,0,0,0,0,0
35.349,-76.949,0,0,0,0,0,0,0
35.349,-76.949,0,0,0,0,0,0,0
35.349,-76.949,0,0,0,0,0,0,0
35.349,-76.949,0,0,0,0,0,0,0
35.349,-76.949,0,0,0,0,0,0,0
35.349,-76.949,0,0,0,0,0,0,0
35.349,-76.949,0,0,0,0,0,0,0
35.349,-76.949,0,0,0,0,0,0,0
35.349,-76.949,0,0,0,0,0,0,0
35.349,-76.949,0,0,0,0,0,0,0
35.349,-76.949,0,0,0,0,0,0,0
35.349,-76.949,0,0,0,0,0,0,0
35.349,-76.949,0,0,0,0,0,0,0
35.349,-76.949,0,0,0,0,0,0,0
35.349,-76.949,0,0,0,0,0,0,0
35.349,-76.949,0,0,0,0,0,0,0
35.349,-76.949,0,0,0,0,0,0,0
35.349,-76.949,0,0,0,0,0,0,0
35.349,-76.949,0,0,0,0,0,0,0
35.349,-76.949,0,0,0,0,0,0,0
35.349,-76.949,0,0,0,0,0,0,0
35.349,-76.949,0,0,0,0,0,0,0
35.349,-76.949,0,0,0,0,0,0,0
35.349,-76.949,0,0,0,0,0,0,0
35.349,-76.949,0,0,0,0,0,0,0
35.349,-76.949,0,0,0,0,0,0,0
35.349,-76.949,0,0,0,0,0,0,0
35.349,-76.949,0,0,0,0,0,0,0
35.349,-76.949,0,0,0,0,0,0,0
35.349,-76.949,0,0,0,0,0,0,0
35.349,-76.949,0,0,0,0,0,0,0
35.349,-76.949,0,0,0,0,0,0,0
35.349,-76.949,0,0,0,0,0,0,0
35.349,-76.949,0,0,0,0,0,0,0
35.349,-76.949,0,0,0,0,0,0,0
35.349,-76.949,0,0,0,0,0,0,0
35.349,-76.949,0,0,0,0,0,0,0
35.349,-76.949,0,0,0,0,0,0,0
35.349,-76.949,0,0,0,0,0,0,0
35.349,-76.949,0,0,0,0,0,0,0
35.349,-76.949,0,0,0,0,0,0,0
35.349,-76.949,0,0,0,0,0,0,0
35.349,-76.949,0,0,0,0,0,0,0
35.349,-76.949,0,0,0,0,0,0,0
35.349,-76.949,0,0,0,0,0,0,0
35.349,-76.949,0,0,0,0,0,0,0
35.349,-76.949,0,0,0,0,0,0,0
35.349,-76.949,0,0,0,0,0,0,0
35.349,-76.949,0,0,0,0,0,0,0
35.349,-76.949,0,0,0,0,0,0,0
35.349,-76.949,0,0,0,0,0,0,0
35.349,-76.949,0,0,0,0,0,0,0
35.349,-76.949,0,0,0,0,0,0,0
35.349,-76.949,0,0,0,0,0,0,0
35.349,-76.949,0,0,0,0,0,0,0
35.349,-76.949,0,0,0,0,0,0,0
35.349,-76.949,0,0,0,0,0,0,0
35.349,-76.949,0,0,0,0,0,0,0
35.349,-76.949,0,0,0,0,0,0,0
35.349,-76.949,0,0,0,0,0,0,0
35.349,-76.949,0,0,0,0,0,0,0
35.349,-76.949,0,0,0,0,0,0,0
35.349,-76.949,0,0,0,0,0,0,0
35.349,-76.949,0,0,0,0,0,0,0
35.349,-76.949,0,0,0,0,0,0,0
35.349,-76.949,0,0,0,0,0,0,0
35.349,-76.949,0,0,0,0,0,0,0
35.349,-76.949,0,0,0,0,0,0,0
35.349,-76.949,0,0,0,0,0,0,0
35.349,-76.949,0,0,0,0,0,0,0
35.349,-76.949,0,0,0,0,0,0,0
35.349,-76.949,0,0,0,0,0,0,0
35.349,-76.949,0,0,0,0,0,0,0
35.349,-76.949,0,0,0,0,0,0,0
35.349,-76.949,0,0,0,0,0,0,0
35.349,-76.949,0,0,0,0,0,0,0
35.349,-76.949,0,0,0,0,0,0,0
35.349,-76.949,0,0,0,0,0,0,0
35.349,-76.949,0,0,0,0,0,0,0
35.349,-76.949,0,0,0,0,0,0,0
35.349,-76.949,0,0,0,0,0,0,0
35.349,-76.949,0,0,0,0,0,0,0
35.349,-76.949,0,0,0,0,0,0,0
35.349,-76.949,0,0,0,0,0,0,0
35.349,-76.949,0,0,0,0,0,0,0
35.349,-76.949,0,0,0,0,0,0,0
35.349,-76.949,0,0,0,0,0,0,0
35.349,-76.949,0,0,0,0,0,0,0
35.349,-76.949,0,0,0,0,0,0,0
35.349,-76.949,0,0,0,0,0,0,0
35.349,-76.949,0,0,0,0,0,0,0
35.349,-76.949,0,0,0,0,0,0,0
35.349,-76.949,0,0,0,0,0,0,0
35.349,-76.949,0,0,0,0,0,0,0
35.349,-76.949,0,0,0,0,0,0,0
35.349,-76.949,0,0,0,0,0,0,0
35.349,-76.949,0,0,0,0,0,0,0
35.349,-76.949,0,0,0,0,0,0,0
35.349,-76.949,0,0,0,0,0,0,0
35.349,-76.949,0,0,0,0,0,0,0
35.349,-76.949,0,0,0,0,0,0,0
35.349,-76.949,0,0,0,0,0,0,0
35.349,-76.949,0,0,0,0,0,0,0
35.349,-76.949,0,0,0,0,0,0,0
35.349,-76.949,0,0,0,0,0,0,0
35.349,-76.949,0,0,0,0,0,0,0
35.349,-76.949,0,0,0,0,0,0,0
35.349,-76.949,0,0,0,0,0,0,0
35.349,-76.949,0,0,0,0,0,0,0
35.349,-76.949,0,0,0,0,0,0,0
35.349,-76.949,0,0,0,0,0,0,0
35.349,-76.949,0,0,0,0,0,0,0
35.349,-76.949,0,0,0,0,0,0,0
35.349,-76.949,0,0,0,0,0,0,0
35.349,-76.949,0,0,0,0,0,0,0
35.349,-76.949,0,0,0,0,0,0,0
35.349,-76.949,0,0,0,0,0,0,0
35.349,-76.949,0,0,0,0,0,0,0
35.349,-76.949,0,0,0,0,0,0,0
35.349,-76.949,0,0,0,0,0,0,0
35.349,-76.949,0,0,0,0,0,0,0
35.349,-76.949,0,0,0,0,0,0,0
35.349,-76.949,0,0,0,0,0,0,0
35.349,-76.949,0,0,0,0,0,0,0
35.349,-76.949,0,0,0,0,0,0,0
35.349,-76.949,0,0,0,0,0,0,0
35.349,-76.949,0,0,0,0,0,0,0
35.349,-76.949,0,0,0,0,0,0,0
35.349,-76.949,0,0,0,0,0,0,0
35.349,-76.949,0,0,0,0,0,0,0
35.349,-76.949,0,0,0,0,0,0,0
35.349,-76.949,0,0,0,0,0,0,0
35.349,-76.949,0,0,0,0,0,0,0
35.349,-76.949,0,0,0,0,0,0,0
35.349,-76.949,0,0,0,0,0,0,0
35.349,-76.949,0,0,0,0,0,0,0
35.349,-76.949,0,0,0,0,0,0,0
35.349,-76.949,0,0,0,0,0,0,0
35.349,-76.949,0,0,0,0,0,0,0
35.349,-76.949,0,0,0,0,0,0,0
35.349,-76.949,0,0,0,0,0,0,0
35.349,-76.949,0,0,0,0,0,0,0
35.349,-76.949,0,0,0,0,0,0,0
35.349,-76.949,0,0,0,0,0,0,0
35.349,-76.949,0,0,0,0,0,0,0
35.349,-76.949,0,0,0,0,0,0,0
35.349,-76.949,0,0,0,0,0,0,0
35.349,-76.949,0,0,0,0,0,0,0
