-0.013,-0.012,5.346,2.827,0,0,0,0,0
-0.016,-0.017,5.342,2.821,0,0,0,0,0
-0.014,-0.013,5.341,2.821,0,0,0,0,0
-0.016,-0.014,5.342,2.817,0,0,0,0,0
-0.015,-0.011,5.344,2.82,0,0,0,0,0
-0.013,-0.014,5.345,2.82,0,0,0,0,0
-0.014,-0.014,5.348,2.815,0,0,0,0,0
-0.014,-0.014,5.346,2.804,0,0,0,0,0
-0.014,-0.007,5.348,2.808,0,0,0,0,0
-0.012,-0.009,5.342,2.808,0,0,0,0,0
-0.014,-0.015,5.344,2.821,0,0,0,0,0
-0.014,-0.015,5.343,2.818,0,0,0,0,0
-0.01,-0.014,5.347,2.823,0,0,0,0,0
-0.014,-0.012,5.344,2.818,0,0,0,0,0
-0.014,-0.014,5.342,2.824,0,0,0,0,0
-0.013,-0.013,5.346,2.823,0,0,0,0,0
-0.015,-0.012,5.34,2.818,0,0,0,0,0
-0.014,-0.012,5.339,2.818,0,0,0,0,0
-0.015,-0.013,5.339,2.817,0,0,0,0,0
-0.014,-0.011,5.348,2.81,0,0,0,0,0
-0.011,-0.011,5.355,2.806,0,0,0,0,0
-0.015,-0.013,5.362,2.807,0,0,0,0,0
-0.014,-0.01,5.353,2.806,0,0,0,0,0
-0.013,-0.01,5.354,2.822,0,0,0,0,0
-0.009,-0.013,5.36,2.82,0,0,0,0,0
-0.013,-0.009,5.361,2.827,0,0,0,0,0
-0.013,-0.012,5.357,2.83,0,0,0,0,0
-0.013,-0.012,5.352,2.833,0,0,0,0,0
-0.012,-0.013,5.359,2.836,0,0,0,0,0
-0.012,-0.013,5.356,2.834,0,0,0,0,0
-0.013,-0.014,5.358,2.831,0,0,0,0,0
-0.015,-0.013,5.362,2.829,0,0,0,0,0
-0.011,-0.012,5.365,2.83,0,0,0,0,0
-0.016,-0.015,5.365,2.828,0,0,0,0,0
-0.017,-0.013,5.354,2.829,0,0,0,0,0
-0.014,-0.013,5.357,2.835,0,0,0,0,0
-0.013,-0.011,5.36,2.833,0,0,0,0,0
-0.013,-0.009,5.359,2.835,0,0,0,0,0
-0.013,-0.012,5.361,2.835,0,0,0,0,0
-0.017,-0.015,5.359,2.83,0,0,0,0,0
-0.013,-0.011,5.362,2.827,0,0,0,0,0
-0.014,-0.014,5.355,2.817,0,0,0,0,0
-0.014,-0.01,5.354,2.82,0,0,0,0,0
-0.012,-0.009,5.352,2.825,0,0,0,0,0
-0.016,-0.011,5.345,2.834,0,0,0,0,0
-0.014,-0.014,5.338,2.83,0,0,0,0,0
-0.013,-0.011,5.338,2.837,0,0,0,0,0
-0.013,-0.012,5.338,2.835,0,0,0,0,0
-0.016,-0.01,5.33,2.832,0,0,0,0,0
-0.014,-0.012,5.334,2.839,0,0,0,0,0
-0.015,-0.013,5.335,2.836,0,0,0,0,0
-0.014,-0.012,5.333,2.831,0,0,0,0,0
-0.016,-0.012,5.327,2.83,0,0,0,0,0
-0.014,-0.011,5.323,2.827,0,0,0,0,0
-0.011,-0.012,5.327,2.823,0,0,0,0,0
-0.016,-0.011,5.33,2.818,0,0,0,0,0
-0.011,-0.015,5.33,2.81,0,0,0,0,0
-0.011,-0.014,5.331,2.813,0,0,0,0,0
-0.013,-0.017,5.336,2.8,0,0,0,0,0
-0.013,-0.013,5.333,2.801,0,0,0,0,0
-0.012,-0.015,5.33,2.795,0,0,0,0,0
-0.012,-0.011,5.331,2.799,0,0,0,0,0
-0.017,-0.012,5.331,2.801,0,0,0,0,0
-0.012,-0.013,5.331,2.799,0,0,0,0,0
-0.015,-0.013,5.332,2.798,0,0,0,0,0
-0.012,-0.011,5.328,2.795,0,0,0,0,0
-0.016,-0.012,5.324,2.796,0,0,0,0,0
-0.016,-0.01,5.326,2.805,0,0,0,0,0
-0.013,-0.01,5.325,2.812,0,0,0,0,0
-0.016,-0.013,5.323,2.809,0,0,0,0,0
-0.015,-0.011,5.326,2.809,0,0,0,0,0
-0.013,-0.014,5.328,2.801,0,0,0,0,0
-0.013,-0.013,5.329,2.805,0,0,0,0,0
-0.016,-0.013,5.334,2.803,0,0,0,0,0
-0.015,-0.011,5.331,2.798,0,0,0,0,0
-0.013,-0.011,5.339,2.799,0,0,0,0,0
-0.015,-0.013,5.329,2.807,0,0,0,0,0
-0.015,-0.012,5.325,2.806,0,0,0,0,0
-0.013,-0.013,5.321,2.809,0,0,0,0,0
-0.013,-0.012,5.332,2.809,0,0,0,0,0
-0.014,-0.011,5.339,2.8,0,0,0,0,0
-0.012,-0.01,5.344,2.81,0,0,0,0,0
-0.016,-0.01,5.337,2.815,0,0,0,0,0
-0.011,-0.012,5.337,2.809,0,0,0,0,0
-0.015,-0.011,5.345,2.809,0,0,0,0,0
-0.018,-0.013,5.337,2.81,0,0,0,0,0
-0.014,-0.012,5.334,2.818,0,0,0,0,0
-0.008,-0.012,5.333,2.822,0,0,0,0,0
-0.009,-0.012,5.345,2.817,0,0,0,0,0
-0.013,-0.012,5.353,2.817,0,0,0,0,0
-0.01,-0.009,5.359,2.826,0,0,0,0,0
-0.013,-0.011,5.364,2.825,0,0,0,0,0
-0.012,-0.018,5.374,2.82,0,0,0,0,0
-0.013,-0.011,5.372,2.827,0,0,0,0,0
-0.01,-0.011,5.368,2.833,0,0,0,0,0
-0.016,-0.01,5.362,2.829,0,0,0,0,0
-0.017,-0.013,5.362,2.834,0,0,0,0,0
-0.016,-0.013,5.358,2.837,0,0,0,0,0
-0.015,-0.013,5.357,2.838,0,0,0,0,0
-0.014,-0.014,5.358,2.833,0,0,0,0,0
-0.012,-0.012,5.36,2.834,0,0,0,0,0
-0.014,-0.01,5.357,2.84,0,0,0,0,0
-0.014,-0.011,5.358,2.826,0,0,0,0,0
-0.012,-0.013,5.358,2.833,0,0,0,0,0
-0.01,-0.012,5.357,2.842,0,0,0,0,0
-0.015,-0.01,5.349,2.835,0,0,0,0,0
-0.014,-0.014,5.342,2.822,0,0,0,0,0
-0.013,-0.01,5.339,2.819,0,0,0,0,0
-0.011,-0.015,5.346,2.819,0,0,0,0,0
-0.012,-0.011,5.333,2.826,0,0,0,0,0
-0.013,-0.013,5.334,2.827,0,0,0,0,0
-0.014,-0.017,5.332,2.817,0,0,0,0,0
-0.016,-0.017,5.32,2.811,0,0,0,0,0
-0.018,-0.016,5.313,2.806,0,0,0,0,0
-0.011,-0.016,5.327,2.802,0,0,0,0,0
-0.01,-0.009,5.349,2.808,0,0,0,0,0
-0.018,-0.018,5.338,2.807,0,0,0,0,0
-0.015,-0.014,5.332,2.82,0,0,0,0,0
-0.011,-0.011,5.341,2.816,0,0,0,0,0
-0.014,-0.013,5.351,2.814,0,0,0,0,0
-0.017,-0.014,5.35,2.816,0,0,0,0,0
-0.012,-0.013,5.345,2.807,0,0,0,0,0
-0.008,-0.01,5.345,2.805,0,0,0,0,0
-0.017,-0.012,5.33,2.807,0,0,0,0,0
-0.015,-0.013,5.327,2.817,0,0,0,0,0
-0.006,-0.012,5.35,2.806,0,0,0,0,0
-0.01,-0.011,5.37,2.791,0,0,0,0,0
-0.02,-0.018,5.365,2.786,0,0,0,0,0
-0.012,-0.012,5.356,2.8,0,0,0,0,0
-0.015,-0.012,5.349,2.792,0,0,0,0,0
-0.016,-0.013,5.351,2.799,0,0,0,0,0
-0.018,-0.012,5.344,2.803,0,0,0,0,0
-0.015,-0.009,5.344,2.801,0,0,0,0,0
-0.005,-0.012,5.358,2.809,0,0,0,0,0
-0.013,-0.015,5.358,2.807,0,0,0,0,0
-0.012,-0.011,5.365,2.81,0,0,0,0,0
-0.017,-0.014,5.356,2.802,0,0,0,0,0
-0.017,-0.013,5.347,2.806,0,0,0,0,0
-0.011,-0.012,5.347,2.807,0,0,0,0,0
-0.014,-0.013,5.349,2.798,0,0,0,0,0
-0.015,-0.012,5.346,2.805,0,0,0,0,0
-0.012,-0.012,5.353,2.801,0,0,0,0,0
-0.013,-0.016,5.355,2.801,0,0,0,0,0
-0.018,-0.014,5.348,2.799,0,0,0,0,0
-0.012,-0.015,5.349,2.803,0,0,0,0,0
-0.01,-0.014,5.35,2.795,0,0,0,0,0
-0.016,-0.015,5.351,2.797,0,0,0,0,0
-0.013,-0.01,5.348,2.801,0,0,0,0,0
-0.012,-0.01,5.353,2.795,0,0,0,0,0
-0.015,-0.012,5.346,2.79,0,0,0,0,0
-0.016,-0.01,5.341,2.781,0,0,0,0,0
-0.011,-0.014,5.341,2.786,0,0,0,0,0
-0.013,-0.012,5.347,2.781,0,0,0,0,0
-0.096,-0.044,5.262,2.745,0,0,0,0,0
-0.038,-0.024,5.21,2.727,0,0,0,0,0
0.081,0.032,5.318,2.781,0,0,0,0,0
-0.038,-0.022,5.292,2.768,0,0,0,0,0
-0.013,-0.013,5.294,2.768,0,0,0,0,0
-0.018,-0.013,5.292,2.765,0,0,0,0,0
-0.007,-0.01,5.299,2.764,0,0,0,0,0
-0.005,-0.009,5.314,2.775,0,0,0,0,0
-0.03,-0.019,5.299,2.769,0,0,0,0,0
-0.007,-0.01,5.306,2.772,0,0,0,0,0
-0.015,-0.013,5.305,2.769,0,0,0,0,0
-0.014,-0.012,5.298,2.759,0,0,0,0,0
-0.012,-0.011,5.307,2.76,0,0,0,0,0
-0.017,-0.013,5.298,2.764,0,0,0,0,0
-0.012,-0.009,5.302,2.768,0,0,0,0,0
-0.014,-0.01,5.307,2.776,0,0,0,0,0
-0.031,-0.02,5.283,2.762,0,0,0,0,0
-0.017,-0.013,5.281,2.761,0,0,0,0,0
-0.014,-0.012,5.279,2.77,0,0,0,0,0
-0.015,-0.011,5.272,2.772,0,0,0,0,0
-0.011,-0.011,5.276,2.767,0,0,0,0,0
-0.014,-0.011,5.276,2.766,0,0,0,0,0
-0.014,-0.013,5.276,2.761,0,0,0,0,0
-0.018,-0.012,5.27,2.761,0,0,0,0,0
-0.016,-0.013,5.265,2.761,0,0,0,0,0
-0.028,-0.001,5.256,2.777,0,0,0,0,0
-0.268,-0.12,4.962,2.651,0,0,0,0,0
-0.261,-0.06,4.66,2.6,0,0,0,0,0
-0.295,-0.065,4.319,2.539,0,0,0,0,0
-0.357,-0.084,3.925,2.457,0,0,0,0,0
-0.185,-0.044,3.742,2.423,0,0,0,0,0
-0.271,-0.051,3.445,2.381,0,0,0,0,0
-0.82,-0.162,2.524,2.205,0,0,0,0,0
0.321,-0.214,2.826,1.892,0,0,0,0,0
0.003,0.001,2.821,1.906,0,0,0,0,0
-0.003,-0.003,2.809,1.917,0,0,0,0,0
0.01,0.001,2.813,1.946,0,0,0,0,0
0.016,0.009,2.825,1.978,0,0,0,0,0
0.035,0.028,2.873,2.033,0,0,0,0,0
0.057,0.042,2.938,2.098,0,0,0,0,0
0.008,0.004,2.949,2.121,0,0,0,0,0
0.005,-0.002,2.961,2.144,0,0,0,0,0
-0.005,-0.004,2.956,2.161,0,0,0,0,0
0.007,0.005,2.969,2.186,0,0,0,0,0
0.007,0.003,2.978,2.212,0,0,0,0,0
0.003,0.002,2.989,2.238,0,0,0,0,0
0.003,0.003,2.992,2.264,0,0,0,0,0
0.01,0.009,3.01,2.293,0,0,0,0,0
-0.004,-0.007,3.011,2.298,0,0,0,0,0
-0.004,-0.008,3.012,2.308,0,0,0,0,0
-0.001,-0.005,3.018,2.322,0,0,0,0,0
-0.002,-0.004,3.013,2.332,0,0,0,0,0
-0.006,-0.008,3.007,2.344,0,0,0,0,0
-0.012,-0.012,3.001,2.354,0,0,0,0,0
-0.012,-0.014,2.994,2.356,0,0,0,0,0
-0.007,-0.009,2.995,2.375,0,0,0,0,0
-0.003,-0.007,3.005,2.389,0,0,0,0,0
-0.006,-0.007,3.006,2.399,0,0,0,0,0
-0.006,-0.005,2.999,2.411,0,0,0,0,0
-0.013,-0.01,3.003,2.421,0,0,0,0,0
-0.013,-0.012,3.001,2.427,0,0,0,0,0
-0.012,-0.011,2.994,2.437,0,0,0,0,0
-0.014,-0.015,2.988,2.437,0,0,0,0,0
-0.012,-0.012,2.985,2.438,0,0,0,0,0
-0.011,-0.009,2.978,2.453,0,0,0,0,0
-0.007,-0.006,2.979,2.461,0,0,0,0,0
-0.013,-0.01,2.968,2.457,0,0,0,0,0
-0.015,-0.014,2.968,2.46,0,0,0,0,0
-0.017,-0.016,2.957,2.458,0,0,0,0,0
-0.024,-0.015,2.934,2.458,0,0,0,0,0
-0.012,-0.013,2.928,2.459,0,0,0,0,0
-0.013,-0.011,2.932,2.463,0,0,0,0,0
-0.01,-0.012,2.932,2.474,0,0,0,0,0
-0.234,-0.16,2.965,2.948,0,0,0,0,0
-0.024,-0.021,2.921,2.909,0,0,0,0,0
-0.026,-0.023,2.878,2.843,0,0,0,0,0
-0.026,-0.016,2.87,2.832,0,0,0,0,0
-0.034,-0.028,2.84,2.807,0,0,0,0,0
-0.08,-0.068,2.778,2.737,0,0,0,0,0
-0.09,-0.072,2.685,2.667,0,0,0,0,0
-0.049,-0.042,2.634,2.64,0,0,0,0,0
-0.028,-0.025,2.61,2.584,0,0,0,0,0
-0.028,-0.022,2.6,2.53,0,0,0,0,0
-0.044,-0.036,2.556,2.492,0,0,0,0,0
-0.101,-0.081,2.449,2.413,0,0,0,0,0
-0.077,-0.06,2.381,2.37,0,0,0,0,0
-0.03,-0.029,2.357,2.347,0,0,0,0,0
-0.048,-0.037,2.322,2.318,0,0,0,0,0
-0.06,-0.046,2.264,2.265,0,0,0,0,0
-0.118,-0.096,2.154,2.155,0,0,0,0,0
-0.123,-0.104,2.066,2.048,0,0,0,0,0
-0.121,-0.099,1.97,1.981,0,0,0,0,0
-0.144,-0.128,1.847,1.857,0,0,0,0,0
-0.208,-0.156,1.636,1.688,0,0,0,0,0
-0.171,-0.146,1.451,1.533,0,0,0,0,0
-0.247,-0.198,1.116,1.297,0,0,0,0,0
0.01,-0.134,1.102,1.133,0,0,0,0,0
0.238,-0.041,1.37,1.099,0,0,0,0,0
0.143,-0.023,1.54,1.086,0,0,0,0,0
-0.017,-0.021,1.507,1.064,0,0,0,0,0
0.035,-0.043,1.58,1.013,0,0,0,0,0
0.093,-0.115,1.747,0.884,0,0,0,0,0
0.325,-0.038,2.177,0.873,0,0,0,0,0
0.118,-0.018,2.213,0.838,0,0,0,0,0
0.088,0.141,2.311,0.978,0,0,0,0,0
-0.048,0.057,2.276,1.041,0,0,0,0,0
-0.097,0.079,2.253,1.195,0,0,0,0,0
-0.125,0.114,2.181,1.339,0,0,0,0,0
-0.301,-0.019,1.827,1.32,0,0,0,0,0
-0.503,-0.013,1.205,1.293,0,0,0,0,0
-0.493,0.091,0.577,1.395,0,0,0,0,0
-0.211,0.233,0.434,1.694,0,0,0,0,0
-0.263,0.272,0.218,2.026,0,0,0,0,0
0.169,0.099,0.477,2.146,0,0,0,0,0
-0.119,0.122,0.31,2.299,0,0,0,0,0
-0.075,0.153,0.242,2.462,0,0,0,0,0
0.027,0.117,0.294,2.578,0,0,0,0,0
0.087,-0.02,0.28,2.512,0,0,0,0,0
-0.102,0.073,0.162,2.605,0,0,0,0,0
0.151,0.29,0.383,2.982,0,0,0,0,0
0.204,0.424,0.716,3.499,0,0,0,0,0
0.309,0.484,1.132,4.065,0,0,0,0,0
0.296,0.358,1.555,4.495,0,0,0,0,0
0.23,0.125,1.806,4.675,0,0,0,0,0
0.228,0.158,2.043,4.868,0,0,0,0,0
0.449,0.01,2.585,4.889,0,0,0,0,0
0.373,-0.624,2.943,4.203,0,0,0,0,0
0.323,-1.18,3.143,2.872,0,0,0,0,0
0.223,-1.33,3.321,1.303,0,0,0,0,0
0.752,-0.693,4.409,0.567,0,0,0,0,0
0.82,-0.38,5.629,0.198,0,0,0,0,0
0.608,-0.426,6.404,-0.248,0,0,0,0,0
0.33,-0.489,6.714,-0.786,0,0,0,0,0
-0.029,-0.264,6.612,-1.068,0,0,0,0,0
-0.134,0.08,6.365,-1.046,0,0,0,0,0
-0.239,0.007,6.063,-1.052,0,0,0,0,0
-0.749,-0.226,5.255,-1.164,0,0,0,0,0
-0.829,-0.313,4.324,-1.498,0,0,0,0,0
-0.311,-0.292,4.035,-1.766,0,0,0,0,0
0.274,-0.17,4.478,-1.974,0,0,0,0,0
0.562,-0.179,5.169,-2.171,0,0,0,0,0
0.49,-0.21,5.681,-2.411,0,0,0,0,0
0.692,-0.225,6.459,-2.673,0,0,0,0,0
0.769,-0.245,7.365,-2.936,0,0,0,0,0
0.734,-0.096,8.222,-3.105,0,0,0,0,0
0.269,-0.036,8.497,-3.141,0,0,0,0,0
-0.092,0.017,8.349,-3.119,0,0,0,0,0
0.042,-0.035,8.333,-3.203,0,0,0,0,0
0.242,0.051,8.529,-3.099,0,0,0,0,0
-0.009,0.117,8.452,-3.068,0,0,0,0,0
-0.15,0.002,8.247,-3.119,0,0,0,0,0
-0.208,0.12,8.106,-2.929,0,0,0,0,0
0.008,0.082,8.268,-2.713,0,0,0,0,0
0.218,0.052,8.601,-2.635,0,0,0,0,0
0.073,-0.052,8.781,-2.771,0,0,0,0,0
0.179,-0.237,9.029,-3.254,0,0,0,0,0
-0.056,-0.349,8.947,-3.711,0,0,0,0,0
-0.242,-0.316,8.612,-4.017,0,0,0,0,0
0.113,-0.272,8.711,-4.306,0,0,0,0,0
0.691,-0.161,9.542,-4.49,0,0,0,0,0
0.159,-0.076,9.794,-4.558,0,0,0,0,0
-0.471,0.111,9.291,-4.446,0,0,0,0,0
-0.123,-0.13,9.202,-4.583,0,0,0,0,0
-0.288,-0.093,8.893,-4.688,0,0,0,0,0
-0.046,-0.09,8.846,-4.782,0,0,0,0,0
-0.092,0.012,8.693,-4.764,0,0,0,0,0
-0.274,-0.082,8.328,-4.884,0,0,0,0,0
-0.642,-0.185,7.61,-5.457,0,0,0,0,0
0.847,-0.077,8.837,-5.445,0,0,0,0,0
1.407,0.197,10.514,-5.186,0,0,0,0,0
0.317,0.109,10.675,-5.049,0,0,0,0,0
-0.317,-0.157,10.157,-5.262,0,0,0,0,0
-0.558,-0.167,9.549,-5.448,0,0,0,0,0
-1.115,0.05,8.39,-5.361,0,0,0,0,0
-0.68,0.211,7.836,-5.025,0,0,0,0,0
0.162,-0.093,8.179,-5.061,0,0,0,0,0
0.289,-0.254,8.562,-5.327,0,0,0,0,0
0.43,-0.249,9.057,-5.593,0,0,0,0,0
0.373,-0.044,9.412,-5.634,0,0,0,0,0
0.103,-0.041,9.42,-5.686,0,0,0,0,0
0.073,-0.166,9.471,-5.889,0,0,0,0,0
0.324,-0.137,9.9,-6.052,0,0,0,0,0
0.585,-0.038,10.618,-6.086,0,0,0,0,0
0.199,0.035,10.8,-6.063,0,0,0,0,0
-0.101,-0.024,10.593,-6.107,0,0,0,0,0
-0.294,-0.217,10.267,-6.354,0,0,0,0,0
-0.018,-0.257,10.32,-6.62,0,0,0,0,0
-0.197,-0.125,10.086,-6.753,0,0,0,0,0
-0.593,-0.077,9.335,-6.83,0,0,0,0,0
-1.045,-0.087,8.141,-6.879,0,0,0,0,0
-0.991,-0.17,7.121,-7.022,0,0,0,0,0
-0.687,-0.198,6.432,-7.222,0,0,0,0,0
-0.347,-0.211,6.069,-7.471,0,0,0,0,0
-0.297,-0.194,5.705,-7.699,0,0,0,0,0
-0.053,-0.213,5.635,-7.946,0,0,0,0,0
-0.27,-0.231,5.344,-8.218,0,0,0,0,0
-0.13,-0.189,5.207,-8.448,0,0,0,0,0
-0.182,-0.186,4.983,-8.689,0,0,0,0,0
-0.274,-0.167,4.698,-8.878,0,0,0,0,0
-0.283,-0.185,4.411,-9.067,0,0,0,0,0
-0.091,-0.199,4.365,-9.248,0,0,0,0,0
0.016,-0.251,4.423,-9.502,0,0,0,0,0
0.064,-0.149,4.51,-9.645,0,0,0,0,0
0.181,-0.073,4.743,-9.685,0,0,0,0,0
0.174,-0.134,4.934,-9.823,0,0,0,0,0
-0.203,-0.148,4.698,-9.974,0,0,0,0,0
-0.446,-0.153,4.21,-10.138,0,0,0,0,0
-0.41,-0.237,3.829,-10.367,0,0,0,0,0
-0.295,-0.241,3.609,-10.605,0,0,0,0,0
-0.113,-0.155,3.537,-10.776,0,0,0,0,0
-0.138,-0.09,3.352,-10.884,0,0,0,0,0
-0.319,-0.126,2.971,-11.036,0,0,0,0,0
-0.3,-0.176,2.631,-11.239,0,0,0,0,0
-0.319,-0.243,2.314,-11.53,0,0,0,0,0
-0.144,-0.194,2.251,-11.743,0,0,0,0,0
0.049,-0.122,2.349,-11.865,0,0,0,0,0
-0.031,-0.117,2.241,-11.998,0,0,0,0,0
-0.33,-0.165,1.817,-12.165,0,0,0,0,0
-0.242,-0.234,1.577,-12.393,0,0,0,0,0
-0.249,-0.244,1.369,-12.622,0,0,0,0,0
-0.165,-0.134,1.255,-12.736,0,0,0,0,0
-0.281,-0.109,0.953,-12.877,0,0,0,0,0
-0.315,0.003,0.52,-12.887,0,0,0,0,0
-0.36,-0.147,0.065,-13.054,0,0,0,0,0
-0.277,-0.328,-0.254,-13.438,0,0,0,0,0
-0.213,-0.291,-0.431,-13.774,0,0,0,0,0
0.02,-0.131,-0.395,-13.942,0,0,0,0,0
0.111,0.057,-0.303,-13.901,0,0,0,0,0
0.053,0.047,-0.308,-13.846,0,0,0,0,0
-0.055,-0.144,-0.375,-13.985,0,0,0,0,0
-0.139,-0.263,-0.491,-14.27,0,0,0,0,0
0.008,-0.236,-0.455,-14.524,0,0,0,0,0
-0.069,-0.145,-0.56,-14.675,0,0,0,0,0
-0.139,-0.151,-0.731,-14.823,0,0,0,0,0
-0.043,-0.119,-0.718,-14.897,0,0,0,0,0
0.093,-0.13,-0.514,-14.998,0,0,0,0,0
0.122,-0.14,-0.328,-15.134,0,0,0,0,0
0.072,-0.214,-0.24,-15.377,0,0,0,0,0
0.062,-0.187,-0.132,-15.578,0,0,0,0,0
0.111,-0.069,0.103,-15.617,0,0,0,0,0
0.118,-0.005,0.329,-15.599,0,0,0,0,0
0.103,-0.018,0.384,-15.644,0,0,0,0,0
-0.139,-0.107,0.117,-15.769,0,0,0,0,0
-0.269,-0.173,-0.145,-15.951,0,0,0,0,0
-0.172,-0.228,-0.188,-16.173,0,0,0,0,0
0.087,-0.123,-0.048,-16.301,0,0,0,0,0
0.089,-0.102,0.012,-16.43,0,0,0,0,0
-0.092,-0.084,-0.098,-16.513,0,0,0,0,0
-0.145,-0.102,-0.217,-16.612,0,0,0,0,0
-0.002,-0.127,-0.177,-16.75,0,0,0,0,0
0.027,-0.102,-0.157,-16.869,0,0,0,0,0
-0.057,-0.107,-0.276,-17.015,0,0,0,0,0
-0.178,-0.036,-0.493,-17.071,0,0,0,0,0
-0.142,-0.044,-0.618,-17.137,0,0,0,0,0
0.042,0.1,-0.561,-17.027,0,0,0,0,0
0.22,0.133,-0.351,-16.87,0,0,0,0,0
0.146,0.025,-0.182,-16.82,0,0,0,0,0
0.031,-0.118,-0.124,-16.945,0,0,0,0,0
-0.135,-0.1,-0.28,-17.065,0,0,0,0,0
-0.222,-0.052,-0.541,-17.153,0,0,0,0,0
-0.169,-0.02,-0.74,-17.172,0,0,0,0,0
-0.018,-0.09,-0.731,-17.254,0,0,0,0,0
-0.12,-0.132,-0.822,-17.399,0,0,0,0,0
-0.053,-0.144,-0.867,-17.585,0,0,0,0,0
-0.155,-0.078,-1.056,-17.681,0,0,0,0,0
-0.144,0,-1.208,-17.681,0,0,0,0,0
-0.097,-0.014,-1.257,-17.684,0,0,0,0,0
-0.022,-0.065,-1.219,-17.732,0,0,0,0,0
-0.045,-0.128,-1.253,-17.87,0,0,0,0,0
-0.063,-0.121,-1.34,-18.016,0,0,0,0,0
-0.069,-0.041,-1.422,-18.051,0,0,0,0,0
0.027,-0.086,-1.363,-18.15,0,0,0,0,0
-0.032,-0.107,-1.378,-18.262,0,0,0,0,0
-0.044,-0.13,-1.429,-18.404,0,0,0,0,0
0.038,-0.115,-1.359,-18.513,0,0,0,0,0
0.022,-0.102,-1.328,-18.606,0,0,0,0,0
-0.018,-0.106,-1.345,-18.718,0,0,0,0,0
-0.028,-0.1,-1.382,-18.836,0,0,0,0,0
-0.054,-0.105,-1.421,-18.939,0,0,0,0,0
-0.011,-0.142,-1.396,-19.093,0,0,0,0,0
0.001,-0.178,-1.408,-19.298,0,0,0,0,0
0.055,-0.075,-1.343,-19.376,0,0,0,0,0
0.055,-0.075,-1.261,-19.454,0,0,0,0,0
0.03,-0.04,-1.205,-19.487,0,0,0,0,0
0.042,-0.107,-1.14,-19.596,0,0,0,0,0
-0.072,-0.155,-1.191,-19.751,0,0,0,0,0
0.053,-0.106,-1.109,-19.85,0,0,0,0,0
0.055,-0.086,-1.047,-19.924,0,0,0,0,0
-0.01,-0.092,-1.036,-20.007,0,0,0,0,0
0.059,-0.158,-0.976,-20.201,0,0,0,0,0
-0.092,-0.065,-1.069,-20.276,0,0,0,0,0
-0.046,-0.078,-1.099,-20.353,0,0,0,0,0
0.063,-0.068,-0.991,-20.421,0,0,0,0,0
0.052,-0.081,-0.905,-20.498,0,0,0,0,0
-0.061,-0.113,-0.96,-20.622,0,0,0,0,0
-0.142,-0.094,-1.142,-20.725,0,0,0,0,0
-0.107,-0.053,-1.265,-20.767,0,0,0,0,0
-0.015,-0.092,-1.234,-20.846,0,0,0,0,0
-0.01,-0.204,-1.231,-21.077,0,0,0,0,0
-0.056,-0.122,-1.266,-21.213,0,0,0,0,0
0.034,-0.023,-1.214,-21.245,0,0,0,0,0
-0.017,-0.006,-1.238,-21.258,0,0,0,0,0
-0.035,-0.091,-1.263,-21.36,0,0,0,0,0
0.004,-0.134,-1.232,-21.501,0,0,0,0,0
0.043,-0.082,-1.181,-21.586,0,0,0,0,0
0.074,-0.057,-1.106,-21.669,0,0,0,0,0
-0.056,-0.019,-1.174,-21.7,0,0,0,0,0
-0.093,-0.07,-1.263,-21.773,0,0,0,0,0
-0.068,-0.157,-1.316,-21.934,0,0,0,0,0
-0.105,-0.135,-1.384,-22.065,0,0,0,0,0
0.001,-0.133,-1.345,-22.204,0,0,0,0,0
-0.011,-0.104,-1.362,-22.325,0,0,0,0,0
-0.014,-0.067,-1.401,-22.403,0,0,0,0,0
-0.016,-0.107,-1.398,-22.514,0,0,0,0,0
0.003,-0.092,-1.399,-22.609,0,0,0,0,0
-0.004,-0.067,-1.381,-22.678,0,0,0,0,0
-0.005,-0.073,-1.384,-22.762,0,0,0,0,0
0.079,-0.059,-1.284,-22.819,0,0,0,0,0
0.076,-0.082,-1.182,-22.894,0,0,0,0,0
0.006,-0.109,-1.147,-23.016,0,0,0,0,0
0.044,-0.105,-1.086,-23.122,0,0,0,0,0
-0.024,-0.074,-1.1,-23.198,0,0,0,0,0
-0.007,-0.088,-1.082,-23.295,0,0,0,0,0
0.044,-0.072,-1.002,-23.367,0,0,0,0,0
0.105,-0.061,-0.86,-23.425,0,0,0,0,0
0.12,-0.022,-0.725,-23.454,0,0,0,0,0
0.027,-0.061,-0.688,-23.512,0,0,0,0,0
-0.042,-0.103,-0.733,-23.614,0,0,0,0,0
-0.048,-0.043,-0.752,-23.65,0,0,0,0,0
0.012,-0.032,-0.711,-23.685,0,0,0,0,0
0.024,-0.052,-0.659,-23.722,0,0,0,0,0
0.059,-0.099,-0.561,-23.817,0,0,0,0,0
0.05,-0.135,-0.498,-23.962,0,0,0,0,0
0,-0.072,-0.52,-24.049,0,0,0,0,0
0.037,0.007,-0.486,-24.042,0,0,0,0,0
-0.019,0,-0.498,-24.035,0,0,0,0,0
-0.069,-0.053,-0.543,-24.092,0,0,0,0,0
-0.106,-0.045,-0.643,-24.123,0,0,0,0,0
0.031,-0.098,-0.6,-24.207,0,0,0,0,0
0.018,-0.08,-0.56,-24.281,0,0,0,0,0
-0.048,-0.075,-0.614,-24.362,0,0,0,0,0
-0.008,-0.097,-0.589,-24.463,0,0,0,0,0
0.048,-0.084,-0.479,-24.542,0,0,0,0,0
0.046,-0.079,-0.405,-24.62,0,0,0,0,0
0.075,-0.108,-0.367,-24.762,0,0,0,0,0
-0.05,-0.079,-0.443,-24.87,0,0,0,0,0
-0.053,-0.04,-0.489,-24.916,0,0,0,0,0
-0.003,-0.034,-0.478,-24.951,0,0,0,0,0
0.117,-0.064,-0.318,-24.996,0,0,0,0,0
0.1,-0.077,-0.189,-25.059,0,0,0,0,0
0.087,-0.145,-0.115,-25.209,0,0,0,0,0
0,-0.098,-0.107,-25.31,0,0,0,0,0
-0.043,-0.036,-0.119,-25.332,0,0,0,0,0
-0.051,-0.078,-0.14,-25.403,0,0,0,0,0
-0.033,-0.113,-0.131,-25.508,0,0,0,0,0
0.04,-0.133,-0.076,-25.666,0,0,0,0,0
-0.054,-0.056,-0.153,-25.729,0,0,0,0,0
-0.072,-0.016,-0.213,-25.737,0,0,0,0,0
0.018,-0.038,-0.151,-25.759,0,0,0,0,0
0.023,-0.072,-0.103,-25.817,0,0,0,0,0
-0.014,-0.015,-0.129,-25.827,0,0,0,0,0
-0.043,-0.012,-0.184,-25.838,0,0,0,0,0
-0.064,0.02,-0.251,-25.82,0,0,0,0,0
-0.084,0.013,-0.309,-25.793,0,0,0,0,0
-0.1,-0.007,-0.383,-25.781,0,0,0,0,0
-0.066,-0.05,-0.421,-25.822,0,0,0,0,0
-0.025,-0.01,-0.458,-25.823,0,0,0,0,0
-0.098,-0.029,-0.574,-25.85,0,0,0,0,0
-0.075,-0.078,-0.644,-25.932,0,0,0,0,0
-0.03,-0.048,-0.651,-25.983,0,0,0,0,0
0.06,-0.002,-0.555,-25.965,0,0,0,0,0
0.069,-0.028,-0.462,-25.989,0,0,0,0,0
0.028,-0.088,-0.413,-26.087,0,0,0,0,0
0.085,-0.041,-0.311,-26.125,0,0,0,0,0
0.065,-0.016,-0.248,-26.136,0,0,0,0,0
0.085,-0.053,-0.181,-26.186,0,0,0,0,0
0.064,-0.08,-0.096,-26.264,0,0,0,0,0
0.024,-0.065,-0.057,-26.324,0,0,0,0,0
0.127,-0.038,0.114,-26.364,0,0,0,0,0
0.064,-0.041,0.203,-26.406,0,0,0,0,0
-0.06,-0.072,0.159,-26.483,0,0,0,0,0
-0.041,-0.073,0.159,-26.531,0,0,0,0,0
0.044,-0.046,0.244,-26.549,0,0,0,0,0
0.058,-0.055,0.309,-26.607,0,0,0,0,0
-0.019,-0.086,0.279,-26.697,0,0,0,0,0
0.071,-0.093,0.377,-26.8,0,0,0,0,0
0.151,-0.036,0.557,-26.834,0,0,0,0,0
0.165,-0.001,0.767,-26.805,0,0,0,0,0
0.119,-0.058,0.934,-26.847,0,0,0,0,0
0.131,-0.128,1.103,-26.978,0,0,0,0,0
0.026,-0.075,1.105,-27.061,0,0,0,0,0
0.034,-0.004,1.136,-27.058,0,0,0,0,0
0.093,-0.003,1.286,-27.056,0,0,0,0,0
0.107,-0.039,1.417,-27.103,0,0,0,0,0
-0.022,-0.048,1.381,-27.156,0,0,0,0,0
0.026,-0.013,1.422,-27.158,0,0,0,0,0
0.157,0.02,1.627,-27.11,0,0,0,0,0
0.108,0.012,1.757,-27.082,0,0,0,0,0
0.128,-0.049,1.906,-27.133,0,0,0,0,0
0.135,-0.052,2.076,-27.179,0,0,0,0,0
0.175,-0.036,2.288,-27.205,0,0,0,0,0
0.108,0.001,2.425,-27.186,0,0,0,0,0
0.124,0.004,2.596,-27.164,0,0,0,0,0
0.202,-0.025,2.847,-27.176,0,0,0,0,0
0.154,-0.024,3.037,-27.184,0,0,0,0,0
0.161,-0.06,3.241,-27.233,0,0,0,0,0
0.151,0.011,3.399,-27.222,0,0,0,0,0
0.07,0.035,3.488,-27.163,0,0,0,0,0
0.115,-0.008,3.652,-27.146,0,0,0,0,0
0.143,-0.018,3.831,-27.144,0,0,0,0,0
0.158,0.026,4.025,-27.095,0,0,0,0,0
0.105,0.013,4.138,-27.068,0,0,0,0,0
-0.015,-0.017,4.139,-27.064,0,0,0,0,0
-0.015,0.008,4.148,-27.042,0,0,0,0,0
0.06,0.069,4.24,-26.939,0,0,0,0,0
-0.094,0.005,4.141,-26.917,0,0,0,0,0
-0.245,-0.044,3.867,-26.96,0,0,0,0,0
-0.261,0.033,3.6,-26.907,0,0,0,0,0
-0.378,0.059,3.216,-26.829,0,0,0,0,0
-0.372,-0.006,2.822,-26.845,0,0,0,0,0
-0.298,-0.003,2.471,-26.86,0,0,0,0,0
-0.386,0.025,2.003,-26.83,0,0,0,0,0
-0.335,0.064,1.597,-26.75,0,0,0,0,0
-0.323,0.02,1.229,-26.72,0,0,0,0,0
-0.504,0.008,0.688,-26.693,0,0,0,0,0
-0.418,-0.017,0.249,-26.695,0,0,0,0,0
-0.306,-0.025,-0.061,-26.705,0,0,0,0,0
-0.139,-0.041,-0.211,-26.739,0,0,0,0,0
-0.021,-0.051,-0.234,-26.785,0,0,0,0,0
0.003,-0.075,-0.198,-26.851,0,0,0,0,0
0.174,-0.106,0.064,-26.945,0,0,0,0,0
0.195,-0.067,0.292,-27.009,0,0,0,0,0
0.198,-0.09,0.527,-27.086,0,0,0,0,0
0.136,-0.087,0.701,-27.177,0,0,0,0,0
0.011,-0.068,0.748,-27.228,0,0,0,0,0
-0.1,-0.095,0.626,-27.339,0,0,0,0,0
-0.246,-0.031,0.354,-27.366,0,0,0,0,0
-0.33,0.046,-0.02,-27.295,0,0,0,0,0
-0.458,0.051,-0.531,-27.224,0,0,0,0,0
-0.55,0.005,-1.12,-27.178,0,0,0,0,0
-0.482,-0.02,-1.64,-27.184,0,0,0,0,0
-0.544,0.024,-2.225,-27.126,0,0,0,0,0
-0.386,0.014,-2.66,-27.085,0,0,0,0,0
-0.336,0.031,-3.066,-27.038,0,0,0,0,0
-0.274,0.017,-3.344,-27.009,0,0,0,0,0
0.047,-0.018,-3.268,-27.014,0,0,0,0,0
0.218,0.009,-3.026,-27.009,0,0,0,0,0
0.203,0.035,-2.795,-26.961,0,0,0,0,0
0.473,-0.042,-2.213,-26.984,0,0,0,0,0
0.671,-0.033,-1.419,-27.002,0,0,0,0,0
0.905,-0.029,-0.365,-27.022,0,0,0,0,0
1.553,0.11,1.482,-26.868,0,0,0,0,0
2.098,0.198,3.898,-26.649,0,0,0,0,0
1.662,0.083,5.671,-26.582,0,0,0,0,0
1.077,-0.03,6.815,-26.618,0,0,0,0,0
0.413,-0.093,7.277,-26.704,0,0,0,0,0
-0.002,-0.038,7.265,-26.728,0,0,0,0,0
-0.139,0.006,7.083,-26.706,0,0,0,0,0
0.298,0.011,7.489,-26.652,0,0,0,0,0
0.177,0.005,7.745,-26.617,0,0,0,0,0
-0.227,-0.073,7.473,-26.694,0,0,0,0,0
-0.587,-0.065,6.77,-26.769,0,0,0,0,0
-0.893,-0.02,5.796,-26.777,0,0,0,0,0
-0.905,-0.054,4.837,-26.798,0,0,0,0,0
-0.976,-0.134,3.733,-26.948,0,0,0,0,0
-0.987,-0.059,2.625,-27.002,0,0,0,0,0
-0.705,-0.071,1.902,-27.05,0,0,0,0,0
-0.473,-0.078,1.397,-27.111,0,0,0,0,0
-0.428,-0.059,0.889,-27.185,0,0,0,0,0
-0.2,-0.03,0.673,-27.209,0,0,0,0,0
-0.353,-0.071,0.297,-27.291,0,0,0,0,0
-0.37,-0.036,-0.106,-27.33,0,0,0,0,0
-0.214,-0.014,-0.338,-27.331,0,0,0,0,0
-0.352,-0.015,-0.728,-27.34,0,0,0,0,0
-0.251,-0.004,-0.982,-27.325,0,0,0,0,0
-0.325,-0.033,-1.352,-27.362,0,0,0,0,0
-0.343,-0.01,-1.741,-27.371,0,0,0,0,0
-0.412,0.03,-2.205,-27.318,0,0,0,0,0
-0.276,0.053,-2.511,-27.237,0,0,0,0,0
-0.185,0.018,-2.674,-27.19,0,0,0,0,0
-0.025,0.017,-2.659,-27.136,0,0,0,0,0
-0.076,0.043,-2.729,-27.06,0,0,0,0,0
-0.083,0.094,-2.821,-26.932,0,0,0,0,0
-0.094,0.101,-2.911,-26.81,0,0,0,0,0
-0.031,0.067,-2.928,-26.72,0,0,0,0,0
-0.058,0.046,-2.995,-26.668,0,0,0,0,0
0,0.002,-3.001,-26.652,0,0,0,0,0
-0.128,0.001,-3.146,-26.651,0,0,0,0,0
-0.116,-0.042,-3.283,-26.686,0,0,0,0,0
-0.051,-0.039,-3.301,-26.706,0,0,0,0,0
0.048,-0.045,-3.212,-26.732,0,0,0,0,0
0.183,-0.067,-2.977,-26.781,0,0,0,0,0
0.159,-0.081,-2.779,-26.84,0,0,0,0,0
0.27,-0.124,-2.462,-26.97,0,0,0,0,0
0.309,-0.126,-2.096,-27.107,0,0,0,0,0
0.272,-0.137,-1.777,-27.26,0,0,0,0,0
0.145,-0.119,-1.614,-27.389,0,0,0,0,0
0.346,-0.122,-1.201,-27.517,0,0,0,0,0
0.5,-0.087,-0.614,-27.616,0,0,0,0,0
0.445,-0.048,-0.101,-27.664,0,0,0,0,0
0.433,-0.173,0.441,-27.846,0,0,0,0,0
0.138,0.008,0.549,-27.854,0,0,0,0,0
0.186,-0.028,0.764,-27.867,0,0,0,0,0
0.29,-0.003,1.11,-27.861,0,0,0,0,0
0.143,-0.021,1.31,-27.876,0,0,0,0,0
0.139,-0.037,1.475,-27.919,0,0,0,0,0
0.153,-0.053,1.668,-27.974,0,0,0,0,0
0.078,-0.055,1.758,-28.024,0,0,0,0,0
-0.013,-0.057,1.776,-28.058,0,0,0,0,0
-0.068,-0.02,1.726,-28.056,0,0,0,0,0
-0.146,0.021,1.567,-28.02,0,0,0,0,0
-0.136,0.029,1.425,-27.977,0,0,0,0,0
-0.238,-0.023,1.168,-27.994,0,0,0,0,0
-0.256,-0.053,0.883,-28.041,0,0,0,0,0
-0.228,-0.052,0.645,-28.075,0,0,0,0,0
-0.289,-0.088,0.341,-28.163,0,0,0,0,0
-0.259,-0.099,0.061,-28.259,0,0,0,0,0
-0.176,-0.098,-0.133,-28.361,0,0,0,0,0
-0.162,-0.09,-0.299,-28.45,0,0,0,0,0
-0.002,-0.028,-0.291,-28.445,0,0,0,0,0
-0.019,-0.031,-0.289,-28.423,0,0,0,0,0
-0.014,-0.047,-0.267,-28.443,0,0,0,0,0
0.013,-0.063,-0.232,-28.515,0,0,0,0,0
-0.025,-0.133,-0.298,-28.705,0,0,0,0,0
-0.012,-0.229,-0.299,-28.989,0,0,0,0,0
-0.011,-0.214,-0.292,-29.297,0,0,0,0,0
-0.008,-0.148,-0.293,-29.465,0,0,0,0,0
-0.008,-0.155,-0.281,-29.633,0,0,0,0,0
-0.009,-0.134,-0.297,-29.773,0,0,0,0,0
-0.01,-0.063,-0.316,-29.824,0,0,0,0,0
-0.009,-0.047,-0.32,-29.877,0,0,0,0,0
-0.011,-0.138,-0.297,-30.048,0,0,0,0,0
-0.008,-0.16,-0.272,-30.205,0,0,0,0,0
-0.009,-0.151,-0.268,-30.379,0,0,0,0,0
-0.009,-0.231,-0.262,-30.65,0,0,0,0,0
-0.025,-0.323,-0.25,-31.008,0,0,0,0,0
0.047,-0.322,-0.186,-31.342,0,0,0,0,0
-0.015,-0.196,-0.188,-31.508,0,0,0,0,0
-0.016,-0.041,-0.171,-31.533,0,0,0,0,0
-0.011,0.025,-0.144,-31.501,0,0,0,0,0
-0.009,-0.05,-0.161,-31.563,0,0,0,0,0
-0.009,-0.099,-0.177,-31.671,0,0,0,0,0
-0.007,-0.113,-0.156,-31.794,0,0,0,0,0
-0.011,-0.109,-0.145,-31.923,0,0,0,0,0
-0.009,-0.121,-0.146,-32.05,0,0,0,0,0
-0.013,-0.115,-0.141,-32.174,0,0,0,0,0
-0.02,-0.132,-0.158,-32.316,0,0,0,0,0
-0.01,-0.142,-0.168,-32.467,0,0,0,0,0
-0.011,-0.112,-0.176,-32.574,0,0,0,0,0
-0.011,-0.107,-0.188,-32.683,0,0,0,0,0
-0.011,-0.102,-0.197,-32.792,0,0,0,0,0
-0.009,-0.084,-0.192,-32.871,0,0,0,0,0
-0.01,-0.066,-0.194,-32.941,0,0,0,0,0
-0.012,-0.077,-0.189,-33.018,0,0,0,0,0
-0.013,-0.062,-0.179,-33.076,0,0,0,0,0
-0.011,0.009,-0.165,-33.057,0,0,0,0,0
-0.002,0.063,-0.161,-32.982,0,0,0,0,0
-0.023,0.016,0.092,-33.053,0,0,0,0,0
0.022,-0.057,0.048,-33.162,0,0,0,0,0
-0.021,-0.065,0.004,-33.223,0,0,0,0,0
0.041,-0.1,0.032,-33.303,0,0,0,0,0
0.036,-0.103,0.089,-33.393,0,0,0,0,0
0,-0.086,0.105,-33.495,0,0,0,0,0
-0.011,-0.077,0.096,-33.538,0,0,0,0,0
0.005,-0.108,0.117,-33.65,0,0,0,0,0
0.006,-0.084,0.134,-33.686,0,0,0,0,0
-0.015,-0.074,0.128,-33.747,0,0,0,0,0
0.002,-0.079,0.128,-33.835,0,0,0,0,0
-0.011,-0.111,0.103,-33.954,0,0,0,0,0
-0.008,-0.154,0.082,-34.124,0,0,0,0,0
-0.007,-0.15,0.086,-34.27,0,0,0,0,0
-0.009,-0.094,0.085,-34.342,0,0,0,0,0
-0.011,-0.073,0.085,-34.408,0,0,0,0,0
-0.016,-0.072,0.06,-34.489,0,0,0,0,0
-0.012,-0.079,0.057,-34.574,0,0,0,0,0
-0.009,-0.077,0.057,-34.647,0,0,0,0,0
-0.013,-0.076,0.066,-34.717,0,0,0,0,0
-0.015,-0.063,0.06,-34.775,0,0,0,0,0
-0.005,-0.038,0.081,-34.807,0,0,0,0,0
-0.009,-0.138,0.131,-35.006,0,0,0,0,0
-0.065,-0.343,0.082,-35.415,0,0,0,0,0
-0.021,-0.251,0.032,-35.701,0,0,0,0,0
-0.011,-0.137,0.031,-35.825,0,0,0,0,0
-0.01,-0.102,0.026,-35.911,0,0,0,0,0
-0.014,-0.111,0.016,-36.013,0,0,0,0,0
-0.014,-0.157,-0.01,-36.185,0,0,0,0,0
-0.009,-0.127,-0.018,-36.321,0,0,0,0,0
-0.021,-0.154,-0.035,-36.525,0,0,0,0,0
0.009,-0.165,-0.02,-36.685,0,0,0,0,0
-0.015,-0.203,-0.035,-36.9,0,0,0,0,0
-0.011,-0.201,-0.042,-37.088,0,0,0,0,0
-0.01,-0.204,-0.035,-37.303,0,0,0,0,0
-0.008,-0.205,-0.018,-37.53,0,0,0,0,0
-0.009,-0.231,0.012,-37.754,0,0,0,0,0
-0.006,-0.254,0.008,-38.03,0,0,0,0,0
-0.007,-0.247,0.024,-38.34,0,0,0,0,0
-0.007,-0.258,0.023,-38.617,0,0,0,0,0
-0.004,-0.269,0.021,-38.913,0,0,0,0,0
-0.006,-0.273,0.028,-39.21,0,0,0,0,0
-0.01,-0.203,0.015,-39.41,0,0,0,0,0
-0.011,-0.114,0.025,-39.518,0,0,0,0,0
-0.01,-0.09,0.023,-39.61,0,0,0,0,0
-0.007,-0.115,0.027,-39.73,0,0,0,0,0
-0.007,-0.13,0.012,-39.875,0,0,0,0,0
-0.009,-0.117,0.007,-39.996,0,0,0,0,0
-0.015,-0.131,0.006,-40.115,0,0,0,0,0
-0.013,-0.088,0.005,-40.216,0,0,0,0,0
-0.013,-0.071,0,-40.298,0,0,0,0,0
-0.01,-0.055,0.003,-40.349,0,0,0,0,0
-0.008,-0.086,-0.001,-40.443,0,0,0,0,0
-0.01,-0.086,-0.005,-40.537,0,0,0,0,0
-0.014,-0.065,-0.013,-40.612,0,0,0,0,0
-0.011,-0.017,-0.019,-40.628,0,0,0,0,0
-0.007,-0.052,-0.013,-40.685,0,0,0,0,0
-0.009,-0.075,-0.025,-40.776,0,0,0,0,0
-0.009,-0.053,-0.016,-40.827,0,0,0,0,0
-0.014,-0.034,-0.026,-40.868,0,0,0,0,0
-0.011,-0.041,-0.018,-40.9,0,0,0,0,0
-0.015,-0.064,-0.024,-40.965,0,0,0,0,0
-0.009,-0.068,-0.02,-41.035,0,0,0,0,0
-0.009,-0.076,-0.019,-41.153,0,0,0,0,0
-0.003,-0.09,0,-41.256,0,0,0,0,0
-0.009,-0.087,0.03,-41.33,0,0,0,0,0
-0.009,-0.061,0.023,-41.383,0,0,0,0,0
-0.001,-0.07,0.024,-41.491,0,0,0,0,0
0.011,-0.162,0.023,-41.672,0,0,0,0,0
0.015,-0.181,0.011,-41.857,0,0,0,0,0
0.141,-0.106,0.285,-42.038,0,0,0,0,0
-0.007,-0.076,0.288,-42.111,0,0,0,0,0
-0.021,-0.097,0.3,-42.209,0,0,0,0,0
-0.037,-0.092,0.273,-42.264,0,0,0,0,0
-0.01,-0.065,0.265,-42.329,0,0,0,0,0
-0.005,-0.08,0.27,-42.391,0,0,0,0,0
0.002,-0.148,0.279,-42.548,0,0,0,0,0
-0.011,-0.222,0.281,-42.75,0,0,0,0,0
-0.008,-0.213,0.307,-42.959,0,0,0,0,0
-0.013,-0.182,0.308,-43.153,0,0,0,0,0
0.002,-0.228,0.33,-43.424,0,0,0,0,0
-0.005,-0.274,0.387,-43.754,0,0,0,0,0
-0.001,-0.333,0.391,-44.151,0,0,0,0,0
0.01,-0.365,0.396,-44.583,0,0,0,0,0
0.013,-0.338,0.377,-44.965,0,0,0,0,0
0.009,-0.228,0.362,-45.188,0,0,0,0,0
-0.007,-0.146,0.33,-45.304,0,0,0,0,0
-0.007,-0.124,0.327,-45.446,0,0,0,0,0
-0.004,-0.137,0.316,-45.592,0,0,0,0,0
-0.008,-0.098,0.317,-45.71,0,0,0,0,0
-0.005,-0.118,0.323,-45.843,0,0,0,0,0
-0.007,-0.191,0.303,-46.06,0,0,0,0,0
-0.001,-0.248,0.302,-46.342,0,0,0,0,0
0.048,-0.27,0.359,-46.656,0,0,0,0,0
0.102,-0.252,0.481,-46.94,0,0,0,0,0
0.143,-0.255,0.653,-47.227,0,0,0,0,0
0.277,-0.189,0.973,-47.438,0,0,0,0,0
0.081,-0.173,1.079,-47.629,0,0,0,0,0
-0.034,-0.16,1.046,-47.801,0,0,0,0,0
0.016,-0.141,1.075,-47.966,0,0,0,0,0
-0.044,-0.167,1.037,-48.151,0,0,0,0,0
-0.06,-0.19,0.948,-48.369,0,0,0,0,0
0.014,-0.212,0.978,-48.613,0,0,0,0,0
0.133,-0.216,1.138,-48.854,0,0,0,0,0
0.095,-0.215,1.271,-49.107,0,0,0,0,0
-0.102,-0.232,1.173,-49.367,0,0,0,0,0
-0.118,-0.235,1.032,-49.621,0,0,0,0,0
-0.053,-0.257,0.965,-49.916,0,0,0,0,0
0.201,-0.246,1.179,-50.194,0,0,0,0,0
0.258,-0.254,1.463,-50.491,0,0,0,0,0
0.261,-0.249,1.766,-50.782,0,0,0,0,0
0.268,-0.195,2.084,-50.998,0,0,0,0,0
-0.098,-0.155,1.988,-51.176,0,0,0,0,0
-0.143,-0.116,1.839,-51.308,0,0,0,0,0
0.086,-0.123,1.942,-51.439,0,0,0,0,0
0.152,-0.157,2.114,-51.613,0,0,0,0,0
0.052,-0.15,2.183,-51.795,0,0,0,0,0
-0.022,-0.155,2.173,-51.977,0,0,0,0,0
0.007,-0.169,2.195,-52.166,0,0,0,0,0
-0.045,-0.155,2.169,-52.344,0,0,0,0,0
-0.159,-0.157,2.007,-52.516,0,0,0,0,0
-0.194,-0.203,1.781,-52.748,0,0,0,0,0
-0.02,-0.197,1.747,-52.976,0,0,0,0,0
-0.093,-0.211,1.636,-53.23,0,0,0,0,0
0.038,-0.144,1.709,-53.394,0,0,0,0,0
-0.16,-0.204,1.555,-53.607,0,0,0,0,0
-0.142,-0.208,1.436,-53.836,0,0,0,0,0
-0.293,-0.26,1.105,-54.152,0,0,0,0,0
-0.158,-0.236,0.902,-54.426,0,0,0,0,0
0.037,-0.234,0.928,-54.702,0,0,0,0,0
0.127,-0.23,1.076,-54.968,0,0,0,0,0
0.076,-0.27,1.213,-55.272,0,0,0,0,0
0.093,-0.259,1.349,-55.571,0,0,0,0,0
-0.003,-0.262,1.368,-55.86,0,0,0,0,0
-0.056,-0.248,1.28,-56.142,0,0,0,0,0
0.004,-0.232,1.294,-56.396,0,0,0,0,0
0.123,-0.208,1.429,-56.639,0,0,0,0,0
0.22,-0.18,1.69,-56.856,0,0,0,0,0
0.26,-0.155,1.999,-57.027,0,0,0,0,0
0.052,-0.206,2.062,-57.255,0,0,0,0,0
-0.021,-0.201,2.054,-57.485,0,0,0,0,0
-0.074,-0.154,1.991,-57.672,0,0,0,0,0
-0.164,-0.123,1.813,-57.796,0,0,0,0,0
-0.192,-0.129,1.589,-57.942,0,0,0,0,0
-0.124,-0.119,1.438,-58.1,0,0,0,0,0
-0.137,-0.111,1.274,-58.231,0,0,0,0,0
-0.143,-0.113,1.133,-58.342,0,0,0,0,0
-0.178,-0.11,0.946,-58.461,0,0,0,0,0
0.009,-0.067,0.943,-58.518,0,0,0,0,0
-0.111,-0.131,0.825,-58.661,0,0,0,0,0
0.149,-0.086,1.004,-58.764,0,0,0,0,0
0.055,-0.085,1.054,-58.866,0,0,0,0,0
-0.022,-0.111,1.058,-58.986,0,0,0,0,0
0.025,-0.129,1.099,-59.13,0,0,0,0,0
0.086,-0.115,1.199,-59.255,0,0,0,0,0
0.052,-0.089,1.269,-59.363,0,0,0,0,0
0.034,-0.084,1.301,-59.453,0,0,0,0,0
0.082,-0.11,1.381,-59.56,0,0,0,0,0
0.183,-0.138,1.595,-59.708,0,0,0,0,0
0.217,-0.119,1.871,-59.832,0,0,0,0,0
0.05,-0.113,1.943,-59.973,0,0,0,0,0
-0.031,-0.097,1.897,-60.073,0,0,0,0,0
0.146,-0.081,2.07,-60.157,0,0,0,0,0
0.141,-0.082,2.245,-60.253,0,0,0,0,0
-0.05,-0.088,2.206,-60.355,0,0,0,0,0
-0.077,-0.115,2.141,-60.476,0,0,0,0,0
0.055,-0.104,2.2,-60.595,0,0,0,0,0
-0.03,-0.1,2.179,-60.725,0,0,0,0,0
-0.077,-0.066,2.11,-60.8,0,0,0,0,0
0.027,-0.048,2.153,-60.862,0,0,0,0,0
-0.034,-0.093,2.113,-60.972,0,0,0,0,0
0.049,-0.113,2.17,-61.105,0,0,0,0,0
-0.002,-0.131,2.191,-61.242,0,0,0,0,0
0.017,-0.158,2.223,-61.41,0,0,0,0,0
0.064,-0.183,2.308,-61.624,0,0,0,0,0
0.117,-0.16,2.437,-61.83,0,0,0,0,0
-0.1,-0.16,2.321,-61.99,0,0,0,0,0
-0.2,-0.141,2.107,-62.154,0,0,0,0,0
0.017,-0.162,2.135,-62.33,0,0,0,0,0
0.231,-0.189,2.394,-62.553,0,0,0,0,0
0.557,-0.101,3.016,-62.664,0,0,0,0,0
0.2,-0.15,3.246,-62.852,0,0,0,0,0
0.213,-0.122,3.514,-62.969,0,0,0,0,0
0.172,-0.112,3.749,-63.079,0,0,0,0,0
0.131,-0.117,3.925,-63.205,0,0,0,0,0
0.027,-0.142,3.971,-63.352,0,0,0,0,0
0.018,-0.15,4.006,-63.514,0,0,0,0,0
0.008,-0.129,4.019,-63.661,0,0,0,0,0
-0.067,-0.111,3.938,-63.794,0,0,0,0,0
0,-0.092,3.93,-63.898,0,0,0,0,0
0.154,-0.104,4.107,-64.011,0,0,0,0,0
0.242,-0.135,4.374,-64.158,0,0,0,0,0
0.295,-0.142,4.706,-64.336,0,0,0,0,0
0.346,-0.095,5.124,-64.452,0,0,0,0,0
0.103,-0.079,5.283,-64.524,0,0,0,0,0
0.016,-0.082,5.301,-64.632,0,0,0,0,0
0.03,-0.109,5.31,-64.754,0,0,0,0,0
0.154,-0.098,5.477,-64.861,0,0,0,0,0
0.218,-0.106,5.715,-64.97,0,0,0,0,0
0.146,-0.106,5.884,-65.092,0,0,0,0,0
0.072,-0.099,6.002,-65.217,0,0,0,0,0
-0.003,-0.103,6.014,-65.327,0,0,0,0,0
-0.116,-0.134,5.902,-65.461,0,0,0,0,0
-0.064,-0.163,5.849,-65.639,0,0,0,0,0
-0.068,-0.192,5.79,-65.839,0,0,0,0,0
-0.014,-0.155,5.767,-66.015,0,0,0,0,0
0.006,-0.123,5.763,-66.179,0,0,0,0,0
0.045,-0.102,5.817,-66.298,0,0,0,0,0
0.03,-0.133,5.86,-66.436,0,0,0,0,0
-0.101,-0.174,5.752,-66.621,0,0,0,0,0
-0.101,-0.141,5.631,-66.788,0,0,0,0,0
-0.039,-0.129,5.593,-66.895,0,0,0,0,0
0.123,-0.168,5.732,-67.084,0,0,0,0,0
0.354,-0.192,6.136,-67.298,0,0,0,0,0
0.14,-0.216,6.33,-67.544,0,0,0,0,0
-0.029,-0.155,6.304,-67.721,0,0,0,0,0
-0.091,-0.118,6.215,-67.84,0,0,0,0,0
-0.121,-0.181,6.084,-68.047,0,0,0,0,0
0.117,-0.184,6.19,-68.233,0,0,0,0,0
0.181,-0.194,6.398,-68.447,0,0,0,0,0
0.011,-0.146,6.437,-68.61,0,0,0,0,0
-0.108,-0.09,6.351,-68.705,0,0,0,0,0
-0.225,-0.107,6.089,-68.827,0,0,0,0,0
0.011,-0.075,6.066,-68.916,0,0,0,0,0
0.102,-0.103,6.208,-69.064,0,0,0,0,0
0.098,-0.121,6.327,-69.193,0,0,0,0,0
0.137,-0.118,6.494,-69.32,0,0,0,0,0
0.148,-0.1,6.672,-69.443,0,0,0,0,0
-0.102,-0.109,6.6,-69.547,0,0,0,0,0
-0.314,-0.138,6.265,-69.685,0,0,0,0,0
-0.176,-0.142,6.051,-69.851,0,0,0,0,0
-0.093,-0.168,5.952,-70.051,0,0,0,0,0
-0.048,-0.152,5.858,-70.23,0,0,0,0,0
0.005,-0.08,5.872,-70.341,0,0,0,0,0
-0.251,-0.058,5.613,-70.386,0,0,0,0,0
-0.231,-0.093,5.35,-70.469,0,0,0,0,0
0.016,-0.111,5.319,-70.59,0,0,0,0,0
0.051,-0.145,5.369,-70.744,0,0,0,0,0
0.049,-0.138,5.453,-70.88,0,0,0,0,0
-0.045,-0.144,5.41,-71.045,0,0,0,0,0
-0.055,-0.133,5.354,-71.202,0,0,0,0,0
-0.029,-0.145,5.32,-71.354,0,0,0,0,0
-0.092,-0.179,5.225,-71.521,0,0,0,0,0
-0.131,-0.222,5.109,-71.779,0,0,0,0,0
-0.142,-0.198,4.94,-72.026,0,0,0,0,0
-0.172,-0.169,4.717,-72.234,0,0,0,0,0
-0.123,-0.15,4.592,-72.401,0,0,0,0,0
-0.043,-0.135,4.534,-72.555,0,0,0,0,0
-0.022,-0.147,4.527,-72.711,0,0,0,0,0
-0.023,-0.12,4.494,-72.867,0,0,0,0,0
0.035,-0.109,4.529,-73.032,0,0,0,0,0
0.077,-0.096,4.623,-73.132,0,0,0,0,0
-0.102,-0.123,4.515,-73.231,0,0,0,0,0
-0.128,-0.084,4.36,-73.297,0,0,0,0,0
-0.103,-0.08,4.249,-73.403,0,0,0,0,0
-0.08,-0.086,4.156,-73.526,0,0,0,0,0
-0.051,-0.102,4.09,-73.64,0,0,0,0,0
0.033,-0.106,4.131,-73.736,0,0,0,0,0
-0.008,-0.157,4.155,-73.923,0,0,0,0,0
-0.037,-0.148,4.1,-74.086,0,0,0,0,0
-0.048,-0.149,4.073,-74.254,0,0,0,0,0
-0.11,-0.141,3.964,-74.42,0,0,0,0,0
-0.101,-0.101,3.843,-74.581,0,0,0,0,0
-0.129,-0.121,3.708,-74.736,0,0,0,0,0
-0.068,-0.148,3.618,-74.87,0,0,0,0,0
0.041,-0.142,3.642,-75.076,0,0,0,0,0
0.125,-0.126,3.789,-75.209,0,0,0,0,0
0.034,-0.128,3.801,-75.352,0,0,0,0,0
0.075,-0.094,3.883,-75.471,0,0,0,0,0
0.068,-0.125,3.975,-75.558,0,0,0,0,0
0.09,-0.175,4.063,-75.756,0,0,0,0,0
0.158,-0.149,4.204,-75.96,0,0,0,0,0
0.248,-0.127,4.479,-76.074,0,0,0,0,0
0.28,-0.13,4.801,-76.203,0,0,0,0,0
0.181,-0.178,5.031,-76.4,0,0,0,0,0
0.02,-0.179,5.112,-76.614,0,0,0,0,0
-0.058,-0.157,5.061,-76.794,0,0,0,0,0
0.086,-0.146,5.115,-76.983,0,0,0,0,0
-0.016,-0.174,5.104,-77.203,0,0,0,0,0
-0.024,-0.149,5.091,-77.379,0,0,0,0,0
0.033,-0.144,5.138,-77.551,0,0,0,0,0
0.003,-0.155,5.111,-77.686,0,0,0,0,0
0.035,-0.124,5.116,-77.841,0,0,0,0,0
0.076,-0.139,5.224,-78.037,0,0,0,0,0
0.118,-0.155,5.327,-78.182,0,0,0,0,0
0.365,-0.123,5.676,-78.323,0,0,0,0,0
0.402,-0.102,6.11,-78.451,0,0,0,0,0
0.262,-0.101,6.443,-78.547,0,0,0,0,0
0.138,-0.106,6.611,-78.651,0,0,0,0,0
0.101,-0.111,6.73,-78.777,0,0,0,0,0
0.124,-0.085,6.848,-78.89,0,0,0,0,0
0.12,-0.082,6.971,-78.993,0,0,0,0,0
0.092,-0.106,7.091,-79.139,0,0,0,0,0
-0.091,-0.179,6.997,-79.396,0,0,0,0,0
-0.174,-0.221,6.854,-79.626,0,0,0,0,0
-0.291,-0.203,6.527,-79.857,0,0,0,0,0
-0.262,-0.177,6.212,-80.034,0,0,0,0,0
-0.165,-0.172,6.022,-80.204,0,0,0,0,0
-0.039,-0.131,5.929,-80.395,0,0,0,0,0
0.062,-0.107,5.99,-80.52,0,0,0,0,0
0.08,-0.102,6.041,-80.687,0,0,0,0,0
0.267,-0.131,6.27,-80.819,0,0,0,0,0
0.492,-0.14,6.805,-80.932,0,0,0,0,0
0.568,-0.164,7.405,-81.108,0,0,0,0,0
0.614,-0.16,8.12,-81.284,0,0,0,0,0
0.455,-0.15,8.624,-81.425,0,0,0,0,0
0.309,-0.135,8.922,-81.592,0,0,0,0,0
0.323,-0.118,9.21,-81.729,0,0,0,0,0
0.399,-0.118,9.646,-81.867,0,0,0,0,0
0.262,-0.148,9.973,-82.033,0,0,0,0,0
0.25,-0.156,10.18,-82.239,0,0,0,0,0
0.509,-0.158,10.708,-82.415,0,0,0,0,0
0.498,-0.163,11.22,-82.579,0,0,0,0,0
0.379,-0.181,11.613,-82.8,0,0,0,0,0
0.374,-0.187,11.989,-83.058,0,0,0,0,0
0.312,-0.219,12.29,-83.342,0,0,0,0,0
0.142,-0.212,12.468,-83.583,0,0,0,0,0
-0.146,-0.159,12.279,-83.795,0,0,0,0,0
-0.01,-0.102,12.188,-83.915,0,0,0,0,0
0.483,-0.084,12.668,-84.035,0,0,0,0,0
0.46,-0.099,13.223,-84.16,0,0,0,0,0
0.567,-0.081,13.722,-84.334,0,0,0,0,0
0.707,-0.055,14.485,-84.441,0,0,0,0,0
0.618,-0.012,15.076,-84.456,0,0,0,0,0
0.605,0.006,15.671,-84.457,0,0,0,0,0
0.483,0.024,16.125,-84.411,0,0,0,0,0
0.425,-0.004,16.522,-84.336,0,0,0,0,0
0.695,-0.02,17.238,-84.336,0,0,0,0,0
-0.043,-0.02,17.238,-84.336,0,0,0,0,0
-0.043,-0.02,17.238,-84.336,0,0,0,0,0
-0.043,-0.02,17.238,-84.336,0,0,0,0,0
-0.043,-0.02,17.238,-84.336,0,0,0,0,0
-0.043,-0.02,17.238,-84.336,0,0,0,0,0
-0.043,-0.02,17.238,-84.336,0,0,0,0,0
-0.043,-0.02,17.238,-84.336,0,0,0,0,0
-0.043,-0.02,17.238,-84.336,0,0,0,0,0
-0.043,-0.02,17.238,-84.336,0,0,0,0,0
-0.043,-0.02,17.238,-84.336,0,0,0,0,0
-0.043,-0.02,17.238,-84.336,0,0,0,0,0
-0.043,-0.02,17.238,-84.336,0,0,0,0,0
-0.043,-0.02,17.238,-84.336,0,0,0,0,0
-0.043,-0.02,17.238,-84.336,0,0,0,0,0
-0.043,-0.02,17.238,-84.336,0,0,0,0,0
-0.043,-0.02,17.238,-84.336,0,0,0,0,0
-0.043,-0.02,17.238,-84.336,0,0,0,0,0
-0.043,-0.02,17.238,-84.336,0,0,0,0,0
-0.043,-0.02,17.238,-84.336,0,0,0,0,0
-0.043,-0.02,17.238,-84.336,0,0,0,0,0
-0.043,-0.02,17.238,-84.336,0,0,0,0,0
-0.043,-0.02,17.238,-84.336,0,0,0,0,0
-0.043,-0.02,17.238,-84.336,0,0,0,0,0
-0.043,-0.02,17.238,-84.336,0,0,0,0,0
-0.043,-0.02,17.238,-84.336,0,0,0,0,0
-0.043,-0.02,17.238,-84.336,0,0,0,0,0
-0.043,-0.02,17.238,-84.336,0,0,0,0,0
-0.043,-0.02,17.238,-84.336,0,0,0,0,0
-0.043,-0.02,17.238,-84.336,0,0,0,0,0
-0.043,-0.02,17.238,-84.336,0,0,0,0,0
-0.043,-0.02,17.238,-84.336,0,0,0,0,0
-0.043,-0.02,17.238,-84.336,0,0,0,0,0
-0.043,-0.02,17.238,-84.336,0,0,0,0,0
-0.043,-0.02,17.238,-84.336,0,0,0,0,0
-0.043,-0.02,17.238,-84.336,0,0,0,0,0
-0.043,-0.02,17.238,-84.336,0,0,0,0,0
-0.043,-0.02,17.238,-84.336,0,0,0,0,0
-0.043,-0.02,17.238,-84.336,0,0,0,0,0
-0.043,-0.02,17.238,-84.336,0,0,0,0,0
-0.043,-0.02,17.238,-84.336,0,0,0,0,0
-0.043,-0.02,17.238,-84.336,0,0,0,0,0
-0.043,-0.02,17.238,-84.336,0,0,0,0,0
-0.043,-0.02,17.238,-84.336,0,0,0,0,0
-0.043,-0.02,17.238,-84.336,0,0,0,0,0
-0.043,-0.02,17.238,-84.336,0,0,0,0,0
-0.043,-0.02,17.238,-84.336,0,0,0,0,0
-0.043,-0.02,17.238,-84.336,0,0,0,0,0
-0.043,-0.02,17.238,-84.336,0,0,0,0,0
-0.043,-0.02,17.238,-84.336,0,0,0,0,0
-0.043,-0.02,17.238,-84.336,0,0,0,0,0
-0.043,-0.02,17.238,-84.336,0,0,0,0,0
-0.043,-0.02,17.238,-84.336,0,0,0,0,0
-0.043,-0.02,17.238,-84.336,0,0,0,0,0
-0.043,-0.02,17.238,-84.336,0,0,0,0,0
-0.043,-0.02,17.238,-84.336,0,0,0,0,0
-0.043,-0.02,17.238,-84.336,0,0,0,0,0
-0.043,-0.02,17.238,-84.336,0,0,0,0,0
-0.043,-0.02,17.238,-84.336,0,0,0,0,0
-0.043,-0.02,17.238,-84.336,0,0,0,0,0
-0.043,-0.02,17.238,-84.336,0,0,0,0,0
-0.043,-0.02,17.238,-84.336,0,0,0,0,0
-0.043,-0.02,17.238,-84.336,0,0,0,0,0
-0.043,-0.02,17.238,-84.336,0,0,0,0,0
-0.043,-0.02,17.238,-84.336,0,0,0,0,0
-0.043,-0.02,17.238,-84.336,0,0,0,0,0
-0.043,-0.02,17.238,-84.336,0,0,0,0,0
-0.043,-0.02,17.238,-84.336,0,0,0,0,0
-0.043,-0.02,17.238,-84.336,0,0,0,0,0
-0.043,-0.02,17.238,-84.336,0,0,0,0,0
-0.043,-0.02,17.238,-84.336,0,0,0,0,0
-0.043,-0.02,17.238,-84.336,0,0,0,0,0
-0.043,-0.02,17.238,-84.336,0,0,0,0,0
-0.043,-0.02,17.238,-84.336,0,0,0,0,0
-0.043,-0.02,17.238,-84.336,0,0,0,0,0
-0.043,-0.02,17.238,-84.336,0,0,0,0,0
-0.043,-0.02,17.238,-84.336,0,0,0,0,0
-0.043,-0.02,17.238,-84.336,0,0,0,0,0
-0.043,-0.02,17.238,-84.336,0,0,0,0,0
-0.043,-0.02,17.238,-84.336,0,0,0,0,0
-0.043,-0.02,17.238,-84.336,0,0,0,0,0
-0.043,-0.02,17.238,-84.336,0,0,0,0,0
-0.043,-0.02,17.238,-84.336,0,0,0,0,0
-0.043,-0.02,17.238,-84.336,0,0,0,0,0
-0.043,-0.02,17.238,-84.336,0,0,0,0,0
-0.043,-0.02,17.238,-84.336,0,0,0,0,0
-0.043,-0.02,17.238,-84.336,0,0,0,0,0
-0.043,-0.02,17.238,-84.336,0,0,0,0,0
-0.043,-0.02,17.238,-84.336,0,0,0,0,0
-0.043,-0.02,17.238,-84.336,0,0,0,0,0
-0.043,-0.02,17.238,-84.336,0,0,0,0,0
-0.043,-0.02,17.238,-84.336,0,0,0,0,0
-0.043,-0.02,17.238,-84.336,0,0,0,0,0
-0.043,-0.02,17.238,-84.336,0,0,0,0,0
-0.043,-0.02,17.238,-84.336,0,0,0,0,0
-0.043,-0.02,17.238,-84.336,0,0,0,0,0
-0.043,-0.02,17.238,-84.336,0,0,0,0,0
-0.043,-0.02,17.238,-84.336,0,0,0,0,0
-0.043,-0.02,17.238,-84.336,0,0,0,0,0
-0.043,-0.02,17.238,-84.336,0,0,0,0,0
-0.043,-0.02,17.238,-84.336,0,0,0,0,0
-0.043,-0.02,17.238,-84.336,0,0,0,0,0
-0.043,-0.02,17.238,-84.336,0,0,0,0,0
-0.043,-0.02,17.238,-84.336,0,0,0,0,0
-0.043,-0.02,17.238,-84.336,0,0,0,0,0
-0.043,-0.02,17.238,-84.336,0,0,0,0,0
-0.043,-0.02,17.238,-84.336,0,0,0,0,0
-0.043,-0.02,17.238,-84.336,0,0,0,0,0
-0.043,-0.02,17.238,-84.336,0,0,0,0,0
-0.043,-0.02,17.238,-84.336,0,0,0,0,0
-0.043,-0.02,17.238,-84.336,0,0,0,0,0
-0.043,-0.02,17.238,-84.336,0,0,0,0,0
-0.043,-0.02,17.238,-84.336,0,0,0,0,0
-0.043,-0.02,17.238,-84.336,0,0,0,0,0
-0.043,-0.02,17.238,-84.336,0,0,0,0,0
-0.043,-0.02,17.238,-84.336,0,0,0,0,0
-0.043,-0.02,17.238,-84.336,0,0,0,0,0
-0.043,-0.02,17.238,-84.336,0,0,0,0,0
-0.043,-0.02,17.238,-84.336,0,0,0,0,0
-0.043,-0.02,17.238,-84.336,0,0,0,0,0
-0.043,-0.02,17.238,-84.336,0,0,0,0,0
-0.043,-0.02,17.238,-84.336,0,0,0,0,0
-0.043,-0.02,17.238,-84.336,0,0,0,0,0
-0.043,-0.02,17.238,-84.336,0,0,0,0,0
-0.043,-0.02,17.238,-84.336,0,0,0,0,0
-0.043,-0.02,17.238,-84.336,0,0,0,0,0
-0.043,-0.02,17.238,-84.336,0,0,0,0,0
-0.043,-0.02,17.238,-84.336,0,0,0,0,0
-0.043,-0.02,17.238,-84.336,0,0,0,0,0
-0.043,-0.02,17.238,-84.336,0,0,0,0,0
-0.043,-0.02,17.238,-84.336,0,0,0,0,0
-0.043,-0.02,17.238,-84.336,0,0,0,0,0
-0.043,-0.02,17.238,-84.336,0,0,0,0,0
-0.043,-0.02,17.238,-84.336,0,0,0,0,0
-0.043,-0.02,17.238,-84.336,0,0,0,0,0
-0.043,-0.02,17.238,-84.336,0,0,0,0,0
-0.043,-0.02,17.238,-84.336,0,0,0,0,0
-0.043,-0.02,17.238,-84.336,0,0,0,0,0
-0.043,-0.02,17.238,-84.336,0,0,0,0,0
-0.043,-0.02,17.238,-84.336,0,0,0,0,0
-0.043,-0.02,17.238,-84.336,0,0,0,0,0
-0.043,-0.02,17.238,-84.336,0,0,0,0,0
-0.043,-0.02,17.238,-84.336,0,0,0,0,0
-0.043,-0.02,17.238,-84.336,0,0,0,0,0
-0.043,-0.02,17.238,-84.336,0,0,0,0,0
-0.043,-0.02,17.238,-84.336,0,0,0,0,0
-0.043,-0.02,17.238,-84.336,0,0,0,0,0
-0.043,-0.02,17.238,-84.336,0,0,0,0,0
-0.043,-0.02,17.238,-84.336,0,0,0,0,0
-0.043,-0.02,17.238,-84.336,0,0,0,0,0
-0.043,-0.02,17.238,-84.336,0,0,0,0,0
-0.043,-0.02,17.238,-84.336,0,0,0,0,0
-0.043,-0.02,17.238,-84.336,0,0,0,0,0
-0.043,-0.02,17.238,-84.336,0,0,0,0,0
-0.043,-0.02,17.238,-84.336,0,0,0,0,0
-0.043,-0.02,17.238,-84.336,0,0,0,0,0
-0.043,-0.02,17.238,-84.336,0,0,0,0,0
-0.043,-0.02,17.238,-84.336,0,0,0,0,0
-0.043,-0.02,17.238,-84.336,0,0,0,0,0
-0.043,-0.02,17.238,-84.336,0,0,0,0,0
-0.043,-0.02,17.238,-84.336,0,0,0,0,0
-0.043,-0.02,17.238,-84.336,0,0,0,0,0
-0.043,-0.02,17.238,-84.336,0,0,0,0,0
-0.043,-0.02,17.238,-84.336,0,0,0,0,0
-0.043,-0.02,17.238,-84.336,0,0,0,0,0
-0.043,-0.02,17.238,-84.336,0,0,0,0,0
-0.043,-0.02,17.238,-84.336,0,0,0,0,0
-0.043,-0.02,17.238,-84.336,0,0,0,0,0
-0.043,-0.02,17.238,-84.336,0,0,0,0,0
-0.043,-0.02,17.238,-84.336,0,0,0,0,0
-0.043,-0.02,17.238,-84.336,0,0,0,0,0
-0.043,-0.02,17.238,-84.336,0,0,0,0,0
-0.043,-0.02,17.238,-84.336,0,0,0,0,0
-0.043,-0.02,17.238,-84.336,0,0,0,0,0
-0.043,-0.02,17.238,-84.336,0,0,0,0,0
-0.043,-0.02,17.238,-84.336,0,0,0,0,0
-0.043,-0.02,17.238,-84.336,0,0,0,0,0
-0.043,-0.02,17.238,-84.336,0,0,0,0,0
-0.043,-0.02,17.238,-84.336,0,0,0,0,0
-0.043,-0.02,17.238,-84.336,0,0,0,0,0
-0.043,-0.02,17.238,-84.336,0,0,0,0,0
-0.043,-0.02,17.238,-84.336,0,0,0,0,0
-0.043,-0.02,17.238,-84.336,0,0,0,0,0
-0.043,-0.02,17.238,-84.336,0,0,0,0,0
-0.043,-0.02,17.238,-84.336,0,0,0,0,0
-0.043,-0.02,17.238,-84.336,0,0,0,0,0
-0.043,-0.02,17.238,-84.336,0,0,0,0,0
-0.043,-0.02,17.238,-84.336,0,0,0,0,0
-0.043,-0.02,17.238,-84.336,0,0,0,0,0
-0.043,-0.02,17.238,-84.336,0,0,0,0,0
-0.043,-0.02,17.238,-84.336,0,0,0,0,0
-0.043,-0.02,17.238,-84.336,0,0,0,0,0
-0.043,-0.02,17.238,-84.336,0,0,0,0,0
-0.043,-0.02,17.238,-84.336,0,0,0,0,0
-0.043,-0.02,17.238,-84.336,0,0,0,0,0
-0.043,-0.02,17.238,-84.336,0,0,0,0,0
-0.043,-0.02,17.238,-84.336,0,0,0,0,0
-0.043,-0.02,17.238,-84.336,0,0,0,0,0
-0.043,-0.02,17.238,-84.336,0,0,0,0,0
-0.043,-0.02,17.238,-84.336,0,0,0,0,0
-0.043,-0.02,17.238,-84.336,0,0,0,0,0
-0.043,-0.02,17.238,-84.336,0,0,0,0,0
-0.043,-0.02,17.238,-84.336,0,0,0,0,0
-0.043,-0.02,17.238,-84.336,0,0,0,0,0
-0.043,-0.02,17.238,-84.336,0,0,0,0,0
-0.043,-0.02,17.238,-84.336,0,0,0,0,0
-0.043,-0.02,17.238,-84.336,0,0,0,0,0
-0.043,-0.02,17.238,-84.336,0,0,0,0,0
-0.043,-0.02,17.238,-84.336,0,0,0,0,0
-0.043,-0.02,17.238,-84.336,0,0,0,0,0
-0.043,-0.02,17.238,-84.336,0,0,0,0,0
-0.043,-0.02,17.238,-84.336,0,0,0,0,0
-0.043,-0.02,17.238,-84.336,0,0,0,0,0
-0.043,-0.02,17.238,-84.336,0,0,0,0,0
-0.043,-0.02,17.238,-84.336,0,0,0,0,0
-0.043,-0.02,17.238,-84.336,0,0,0,0,0
-0.043,-0.02,17.238,-84.336,0,0,0,0,0
-0.043,-0.02,17.238,-84.336,0,0,0,0,0
-0.043,-0.02,17.238,-84.336,0,0,0,0,0
-0.043,-0.02,17.238,-84.336,0,0,0,0,0
-0.043,-0.02,17.238,-84.336,0,0,0,0,0
-0.043,-0.02,17.238,-84.336,0,0,0,0,0
-0.043,-0.02,17.238,-84.336,0,0,0,0,0
-0.043,-0.02,17.238,-84.336,0,0,0,0,0
-0.043,-0.02,17.238,-84.336,0,0,0,0,0
-0.043,-0.02,17.238,-84.336,0,0,0,0,0
-0.043,-0.02,17.238,-84.336,0,0,0,0,0
-0.043,-0.02,17.238,-84.336,0,0,0,0,0
-0.043,-0.02,17.238,-84.336,0,0,0,0,0
-0.043,-0.02,17.238,-84.336,0,0,0,0,0
-0.043,-0.02,17.238,-84.336,0,0,0,0,0
-0.043,-0.02,17.238,-84.336,0,0,0,0,0
-0.043,-0.02,17.238,-84.336,0,0,0,0,0
-0.043,-0.02,17.238,-84.336,0,0,0,0,0
-0.043,-0.02,17.238,-84.336,0,0,0,0,0
-0.043,-0.02,17.238,-84.336,0,0,0,0,0
-0.043,-0.02,17.238,-84.336,0,0,0,0,0
-0.043,-0.02,17.238,-84.336,0,0,0,0,0
-0.043,-0.02,17.238,-84.336,0,0,0,0,0
-0.043,-0.02,17.238,-84.336,0,0,0,0,0
-0.043,-0.02,17.238,-84.336,0,0,0,0,0
-0.043,-0.02,17.238,-84.336,0,0,0,0,0
-0.043,-0.02,17.238,-84.336,0,0,0,0,0
-0.043,-0.02,17.238,-84.336,0,0,0,0,0
-0.043,-0.02,17.238,-84.336,0,0,0,0,0
-0.043,-0.02,17.238,-84.336,0,0,0,0,0
-0.043,-0.02,17.238,-84.336,0,0,0,0,0
-0.043,-0.02,17.238,-84.336,0,0,0,0,0
-0.043,-0.02,17.238,-84.336,0,0,0,0,0
-0.043,-0.02,17.238,-84.336,0,0,0,0,0
-0.043,-0.02,17.238,-84.336,0,0,0,0,0
-0.043,-0.02,17.238,-84.336,0,0,0,0,0
-0.043,-0.02,17.238,-84.336,0,0,0,0,0
-0.043,-0.02,17.238,-84.336,0,0,0,0,0
-0.043,-0.02,17.238,-84.336,0,0,0,0,0
-0.043,-0.02,17.238,-84.336,0,0,0,0,0
-0.043,-0.02,17.238,-84.336,0,0,0,0,0
-0.043,-0.02,17.238,-84.336,0,0,0,0,0
-0.043,-0.02,17.238,-84.336,0,0,0,0,0
-0.043,-0.02,17.238,-84.336,0,0,0,0,0
-0.043,-0.02,17.238,-84.336,0,0,0,0,0
-0.043,-0.02,17.238,-84.336,0,0,0,0,0
-0.043,-0.02,17.238,-84.336,0,0,0,0,0
-0.043,-0.02,17.238,-84.336,0,0,0,0,0
-0.043,-0.02,17.238,-84.336,0,0,0,0,0
-0.043,-0.02,17.238,-84.336,0,0,0,0,0
-0.043,-0.02,17.238,-84.336,0,0,0,0,0
-0.043,-0.02,17.238,-84.336,0,0,0,0,0
-0.043,-0.02,17.238,-84.336,0,0,0,0,0
-0.043,-0.02,17.238,-84.336,0,0,0,0,0
-0.043,-0.02,17.238,-84.336,0,0,0,0,0
-0.043,-0.02,17.238,-84.336,0,0,0,0,0
-0.043,-0.02,17.238,-84.336,0,0,0,0,0
-0.043,-0.02,17.238,-84.336,0,0,0,0,0
-0.043,-0.02,17.238,-84.336,0,0,0,0,0
-0.043,-0.02,17.238,-84.336,0,0,0,0,0
-0.043,-0.02,17.238,-84.336,0,0,0,0,0
-0.043,-0.02,17.238,-84.336,0,0,0,0,0
-0.043,-0.02,17.238,-84.336,0,0,0,0,0
-0.043,-0.02,17.238,-84.336,0,0,0,0,0
-0.043,-0.02,17.238,-84.336,0,0,0,0,0
-0.043,-0.02,17.238,-84.336,0,0,0,0,0
-0.043,-0.02,17.238,-84.336,0,0,0,0,0
-0.043,-0.02,17.238,-84.336,0,0,0,0,0
-0.043,-0.02,17.238,-84.336,0,0,0,0,0
-0.043,-0.02,17.238,-84.336,0,0,0,0,0
-0.043,-0.02,17.238,-84.336,0,0,0,0,0
-0.043,-0.02,17.238,-84.336,0,0,0,0,0
-0.043,-0.02,17.238,-84.336,0,0,0,0,0
-0.043,-0.02,17.238,-84.336,0,0,0,0,0
